,1m,10y
2006-01-04,1.4797,3.072
2006-01-05,1.5315,2.9971
2006-01-06,1.4733,3.0848
2006-01-09,1.4656,3.0634
2006-01-10,1.4575,3.0476
2006-01-11,1.4024,3.0678
2006-01-12,1.4304,3.0432
2006-01-13,1.3392,3.0229
2006-01-16,1.5229,3.0311
2006-01-17,1.5089,3.0129
2006-01-18,1.4179,2.9972
2006-01-19,1.4267,2.9916
2006-01-20,1.4364,3.0439
2006-01-23,1.3879,3.0789
2006-01-24,1.5282,2.9676
2006-01-25,1.4878,2.9589
2006-01-26,1.4853,2.9546
2006-01-27,1.4846,2.9796
2006-01-28,1.4843,2.9795
2006-02-05,1.4832,2.9837
2006-02-06,1.3928,3.0107
2006-02-07,1.3756,2.9412
2006-02-08,1.5254,2.9715
2006-02-09,1.5953,2.8715
2006-02-10,1.5329,2.8673
2006-02-13,1.6648,2.8475
2006-02-14,1.6376,2.8723
2006-02-15,1.3346,2.9109
2006-02-16,1.6034,2.875
2006-02-17,1.4609,2.9412
2006-02-20,1.4963,2.9124
2006-02-21,1.3614,2.9955
2006-02-22,1.4953,2.9172
2006-02-23,1.6019,2.9937
2006-02-24,1.6403,2.9451
2006-02-27,1.7158,2.9225
2006-02-28,1.5452,2.9266
2006-03-01,1.435,2.9
2006-03-02,1.4283,2.9
2006-03-03,1.4183,2.87
2006-03-06,1.46,2.93
2006-03-07,1.4217,2.9
2006-03-08,1.4033,2.88
2006-03-09,1.405,2.88
2006-03-10,1.4133,2.89
2006-03-13,1.4233,2.9
2006-03-14,1.4333,2.9
2006-03-15,1.4533,2.91
2006-03-16,1.4633,2.91
2006-03-17,1.4433,2.92
2006-03-20,1.4633,2.93
2006-03-21,1.4533,2.92
2006-03-22,1.4717,2.93
2006-03-23,1.45,2.912
2006-03-24,1.43,2.9
2006-03-27,1.4267,2.92
2006-03-28,1.4084,2.92
2006-03-29,1.4039,2.94
2006-03-30,1.4159,2.94
2006-03-31,1.4084,2.94
2006-04-03,1.3997,2.92
2006-04-04,1.403,2.92
2006-04-05,1.4083,2.91
2006-04-06,1.4008,2.94
2006-04-07,1.3833,2.9291
2006-04-10,1.3833,2.93
2006-04-11,1.4033,2.97
2006-04-12,1.4233,2.98
2006-04-13,1.42,2.9405
2006-04-14,1.43,2.95
2006-04-17,1.4583,2.94
2006-04-18,1.4817,3.01
2006-04-19,1.4883,3.01
2006-04-20,1.4783,3.0
2006-04-21,1.495,3.048
2006-04-24,1.5117,3.05
2006-04-25,1.5133,3.06
2006-04-26,1.5089,3.05
2006-04-27,1.48,3.01
2006-04-28,1.4533,3.01
2006-04-29,1.4518,3.0
2006-04-30,1.4633,3.0
2006-05-08,1.4596,3.02
2006-05-09,1.4467,3.0
2006-05-10,1.425,3.0
2006-05-11,1.4496,3.0
2006-05-12,1.465,3.02
2006-05-15,1.5,3.03
2006-05-16,1.4967,3.02
2006-05-17,1.475,3.0
2006-05-18,1.477,3.0
2006-05-19,1.4691,2.99
2006-05-22,1.4827,3.0
2006-05-23,1.4912,3.02
2006-05-24,1.4856,3.0
2006-05-25,1.4751,3.0
2006-05-26,1.4709,3.0
2006-05-29,1.475,3.03
2006-05-30,1.4708,3.02
2006-05-31,1.4758,3.02
2006-06-01,1.4872,3.03
2006-06-02,1.5108,3.05
2006-06-05,1.5248,3.03
2006-06-06,1.5286,3.02
2006-06-07,1.58,3.05
2006-06-08,1.5857,3.05
2006-06-09,1.6015,3.03
2006-06-12,1.6,3.05
2006-06-13,1.53,3.08
2006-06-14,1.5483,3.09
2006-06-15,1.5667,3.1
2006-06-16,1.5583,3.1
2006-06-19,1.5767,3.12
2006-06-20,1.5983,3.1
2006-06-21,1.625,3.15
2006-06-22,1.635,3.12
2006-06-23,1.6292,3.13
2006-06-26,1.6175,3.15
2006-06-27,1.6267,3.15
2006-06-28,1.6167,3.15
2006-06-29,1.635,3.15
2006-06-30,1.6517,3.165
2006-07-03,1.6833,3.159
2006-07-04,1.7083,3.15
2006-07-05,1.7433,3.18
2006-07-06,1.7333,3.172
2006-07-07,1.7233,3.18
2006-07-10,1.7133,3.1729
2006-07-11,1.7075,3.1689
2006-07-12,1.72,3.2
2006-07-13,1.7322,3.23
2006-07-14,1.7443,3.235
2006-07-17,1.7458,3.2
2006-07-18,1.7442,3.2
2006-07-19,1.7517,3.19
2006-07-20,1.753,3.2
2006-07-21,1.7608,3.2
2006-07-24,1.9,3.25
2006-07-25,1.9133,3.24
2006-07-26,1.925,3.25
2006-07-27,1.91,3.275
2006-07-28,1.925,3.25
2006-07-31,1.9325,3.26
2006-08-01,1.9287,3.25
2006-08-02,1.9292,3.25
2006-08-03,1.9193,3.24
2006-08-04,1.9302,3.25
2006-08-07,1.9305,3.25
2006-08-08,1.9305,3.25
2006-08-09,1.9259,3.26
2006-08-10,1.9072,3.26
2006-08-11,1.8919,3.255
2006-08-14,1.8906,3.245
2006-08-15,1.8755,3.245
2006-08-16,1.8482,3.24
2006-08-17,1.84,3.24
2006-08-18,1.8217,3.2
2006-08-21,1.885,3.26
2006-08-22,1.8633,3.254
2006-08-23,1.858,3.251
2006-08-24,1.8518,3.248
2006-08-25,1.8418,3.2389
2006-08-28,1.8383,3.256
2006-08-29,1.8333,3.25
2006-08-30,1.8333,3.24
2006-08-31,1.8333,3.238
2006-09-01,1.8433,3.23
2006-09-04,1.8217,3.23
2006-09-05,1.8185,3.225
2006-09-06,1.8192,3.21
2006-09-07,1.8197,3.201
2006-09-08,1.8187,3.2
2006-09-11,1.8193,3.2
2006-09-12,1.8131,3.18
2006-09-13,1.8079,3.18
2006-09-14,1.8112,3.172
2006-09-15,1.8114,3.17
2006-09-18,1.8005,3.155
2006-09-19,1.7953,3.15
2006-09-20,1.7867,3.13
2006-09-21,1.7611,3.11
2006-09-22,1.7644,3.05
2006-09-25,1.7649,3.0
2006-09-26,1.7732,3.0
2006-09-27,1.6857,3.0
2006-09-28,1.7104,3.0
2006-09-29,1.6967,3.0
2006-09-30,1.6915,2.999
2006-10-08,1.6783,3.0
2006-10-09,1.6914,3.0
2006-10-10,1.6899,2.99
2006-10-11,1.7076,2.97
2006-10-12,1.6857,2.9552
2006-10-13,1.691,2.9541
2006-10-16,1.6904,2.9567
2006-10-17,1.6957,2.9533
2006-10-18,1.6918,2.9535
2006-10-19,1.6915,2.954
2006-10-20,1.6895,2.9523
2006-10-23,1.6895,2.9492
2006-10-24,1.6867,2.9385
2006-10-25,1.683,2.9498
2006-10-26,1.6875,2.9374
2006-10-27,1.689,2.9397
2006-10-30,1.689,2.9406
2006-10-31,1.692,2.9512
2006-11-01,1.6975,2.9545
2006-11-02,1.6975,2.9557
2006-11-03,1.6975,2.9561
2006-11-06,1.72,2.9844
2006-11-07,1.7225,2.989
2006-11-08,1.725,2.9781
2006-11-09,1.7399,2.972
2006-11-10,1.7499,2.9595
2006-11-13,1.7634,2.9494
2006-11-14,1.7669,2.9682
2006-11-15,1.7649,2.9688
2006-11-16,1.7614,2.9725
2006-11-17,1.7604,2.9632
2006-11-20,1.7639,2.9806
2006-11-21,1.8264,2.9785
2006-11-22,1.8329,3.0518
2006-11-23,1.86,3.0609
2006-11-24,1.85,3.0655
2006-11-27,1.88,3.02
2006-11-28,1.87,2.9886
2006-11-29,1.855,2.9811
2006-11-30,1.86,2.9781
2006-12-01,1.88,2.9936
2006-12-04,1.875,2.9895
2006-12-05,1.876,2.9912
2006-12-06,1.8925,2.9851
2006-12-07,1.915,2.9947
2006-12-08,1.915,3.0351
2006-12-11,1.915,3.0527
2006-12-12,1.9025,3.0393
2006-12-13,1.94,3.0461
2006-12-14,1.94,3.0335
2006-12-15,1.94,3.0402
2006-12-18,1.94,3.0307
2006-12-19,1.92,3.0232
2006-12-20,1.905,3.0267
2006-12-21,1.905,3.0199
2006-12-22,1.905,3.0364
2006-12-25,1.905,3.0408
2006-12-26,1.905,3.0419
2006-12-27,1.9075,3.0408
2006-12-28,1.905,3.026
2006-12-29,1.905,3.0202
2006-12-30,1.905,3.0204
2006-12-31,1.905,3.0269
2007-01-04,1.905,3.0239
2007-01-05,1.895,3.0211
2007-01-08,1.895,3.0356
2007-01-09,1.895,3.0231
2007-01-10,1.895,3.0102
2007-01-11,1.895,3.0047
2007-01-12,1.905,3.0202
2007-01-15,1.905,3.0167
2007-01-16,1.895,3.0175
2007-01-17,1.895,3.0176
2007-01-18,1.8925,3.0273
2007-01-19,1.8975,3.032
2007-01-22,1.91,3.0277
2007-01-23,1.91,3.0373
2007-01-24,1.91,3.0267
2007-01-25,1.909,3.032
2007-01-26,1.9155,3.0374
2007-01-29,1.9115,3.0427
2007-01-30,1.91,3.0559
2007-01-31,1.9,3.0671
2007-02-01,1.89,3.0676
2007-02-02,1.88,3.0598
2007-02-05,1.87,3.0765
2007-02-06,1.87,3.0705
2007-02-07,1.87,3.0704
2007-02-08,1.88,3.0814
2007-02-09,1.874,3.1171
2007-02-12,1.8845,3.1355
2007-02-13,1.873,3.1367
2007-02-14,1.878,3.137
2007-02-15,1.867,3.1365
2007-02-16,1.8655,3.1361
2007-02-17,1.8655,3.11
2007-02-25,1.866,3.11
2007-02-26,1.865,3.12
2007-02-27,1.855,3.1468
2007-02-28,1.855,3.1466
2007-03-01,1.845,3.1553
2007-03-02,1.845,3.1683
2007-03-05,1.8275,3.1726
2007-03-06,1.825,3.179
2007-03-07,1.825,3.19
2007-03-08,1.825,3.2192
2007-03-09,1.825,3.223
2007-03-12,1.825,3.2278
2007-03-13,1.815,3.2051
2007-03-14,1.815,3.2332
2007-03-15,1.82,3.2876
2007-03-16,1.83,3.3042
2007-03-19,1.86,3.337
2007-03-20,1.87,3.36
2007-03-21,1.88,3.4
2007-03-22,1.9,3.395
2007-03-23,1.9,3.4235
2007-03-26,1.9,3.42
2007-03-27,1.9,3.42
2007-03-28,1.9,3.4245
2007-03-29,1.9,3.4386
2007-03-30,1.9,3.4338
2007-04-02,1.9,3.43
2007-04-03,1.9,3.4277
2007-04-04,1.9,3.44
2007-04-05,1.9,3.4441
2007-04-06,1.92,3.4615
2007-04-09,1.94,3.488
2007-04-10,1.955,3.4829
2007-04-11,1.965,3.493
2007-04-12,1.965,3.4936
2007-04-13,1.965,3.5202
2007-04-16,1.985,3.5327
2007-04-17,2.01,3.5391
2007-04-18,2.01,3.56
2007-04-19,2.01,3.57
2007-04-20,2.1376,3.58
2007-04-23,2.1376,3.59
2007-04-24,2.1376,3.6139
2007-04-25,2.1376,3.6349
2007-04-26,2.065,3.5931
2007-04-27,2.02,3.5914
2007-04-28,2.01,3.5883
2007-04-29,1.9649,3.58
2007-04-30,1.9499,3.5916
2007-05-08,1.9499,3.5933
2007-05-09,1.9399,3.5906
2007-05-10,1.9249,3.63
2007-05-11,1.9549,3.68
2007-05-14,1.9699,3.7
2007-05-15,1.9699,3.7992
2007-05-16,1.9699,3.83
2007-05-17,1.9699,3.83
2007-05-18,1.9699,3.83
2007-05-21,1.9699,3.966
2007-05-22,1.9699,4.05
2007-05-23,1.9599,4.064
2007-05-24,1.9499,4.03
2007-05-25,1.9899,4.05
2007-05-28,1.9899,4.07
2007-05-29,1.9849,4.08
2007-05-30,1.9849,4.07
2007-05-31,1.9899,4.06
2007-06-01,2.0089,4.08
2007-06-04,2.0074,4.1393
2007-06-05,2.0124,4.1309
2007-06-06,2.0499,4.1442
2007-06-07,2.043,4.1427
2007-06-08,2.0502,4.1624
2007-06-11,2.0574,4.1376
2007-06-12,2.0649,4.2199
2007-06-13,2.0749,4.232
2007-06-14,2.0824,4.2669
2007-06-15,2.0849,4.3483
2007-06-18,2.0899,4.3496
2007-06-19,2.0949,4.3969
2007-06-20,2.1049,4.4408
2007-06-21,2.1198,4.47
2007-06-22,2.1348,4.44
2007-06-25,2.1398,4.42
2007-06-26,2.1248,4.4
2007-06-27,2.1098,4.3985
2007-06-28,2.1098,4.4538
2007-06-29,2.1599,4.45
2007-07-02,2.1599,4.45
2007-07-03,2.1599,4.4726
2007-07-04,2.1473,4.4745
2007-07-05,2.1475,4.475
2007-07-06,2.1806,4.4261
2007-07-09,2.1573,4.4172
2007-07-10,2.1299,4.4896
2007-07-11,2.1651,4.4773
2007-07-12,2.1692,4.4777
2007-07-13,2.1456,4.4634
2007-07-16,2.1298,4.454
2007-07-17,2.1383,4.4542
2007-07-18,2.1249,4.4547
2007-07-19,2.0857,4.455
2007-07-20,2.084,4.4551
2007-07-23,2.0782,4.477
2007-07-24,2.0822,4.4651
2007-07-25,2.1203,4.33
2007-07-26,2.0862,4.3086
2007-07-27,2.0974,4.3399
2007-07-30,2.1038,4.2848
2007-07-31,2.1265,4.3401
2007-08-01,2.1199,4.2857
2007-08-02,2.1257,4.2594
2007-08-03,2.1244,4.2855
2007-08-06,2.1367,4.3861
2007-08-07,2.1385,4.3775
2007-08-08,2.157,4.3166
2007-08-09,2.1465,4.3178
2007-08-10,2.1417,4.3378
2007-08-13,2.1389,4.357
2007-08-14,2.1588,4.3568
2007-08-15,2.1507,4.3541
2007-08-16,2.1014,4.3529
2007-08-17,2.0808,4.3038
2007-08-20,2.0113,4.2636
2007-08-21,1.9834,4.2445
2007-08-22,2.0975,4.227
2007-08-23,2.1364,4.2064
2007-08-24,2.0823,4.2164
2007-08-27,2.0278,4.136
2007-08-28,2.077,4.2049
2007-08-29,2.1009,4.2766
2007-08-30,2.102,4.2739
2007-08-31,2.0945,4.2743
2007-09-03,2.085,4.235
2007-09-04,2.0877,4.2328
2007-09-05,2.0722,4.244
2007-09-06,2.0659,4.2677
2007-09-07,2.1562,4.2872
2007-09-10,2.1614,4.2946
2007-09-11,2.2039,4.3615
2007-09-12,2.2488,4.3788
2007-09-13,2.2956,4.3892
2007-09-14,2.7008,4.4893
2007-09-17,2.584,4.5421
2007-09-18,2.4925,4.5436
2007-09-19,2.5176,4.5474
2007-09-20,2.5516,4.5477
2007-09-21,2.5541,4.495
2007-09-24,2.4273,4.493
2007-09-25,2.4061,4.4859
2007-09-26,2.4045,4.445
2007-09-27,2.3844,4.42
2007-09-28,2.3644,4.39
2007-09-29,2.3599,4.396
2007-09-30,2.3474,4.3877
2007-10-08,2.3745,4.3664
2007-10-09,2.2794,4.37
2007-10-10,2.2313,4.3737
2007-10-11,2.3544,4.3732
2007-10-12,2.2927,4.3723
2007-10-15,2.3229,4.3746
2007-10-16,2.3703,4.3743
2007-10-17,2.4539,4.45
2007-10-18,2.6228,4.46
2007-10-19,2.7745,4.47
2007-10-22,3.4045,4.48
2007-10-23,3.5332,4.485
2007-10-24,4.2851,4.485
2007-10-25,4.862,4.485
2007-10-26,6.4327,4.485
2007-10-29,2.8515,4.48
2007-10-30,2.8329,4.484
2007-10-31,2.8654,4.4937
2007-11-01,2.8792,4.5
2007-11-02,2.6897,4.5
2007-11-05,2.7271,4.5263
2007-11-06,2.7383,4.5248
2007-11-07,3.1019,4.5441
2007-11-08,2.8276,4.5441
2007-11-09,2.77,4.5743
2007-11-12,2.785,4.5863
2007-11-13,2.4696,4.5861
2007-11-14,2.461,4.5922
2007-11-15,2.7827,4.5973
2007-11-16,2.732,4.5974
2007-11-19,2.7257,4.5822
2007-11-20,2.7233,4.5569
2007-11-21,2.7398,4.545
2007-11-22,2.7181,4.55
2007-11-23,2.6944,4.54
2007-11-26,2.65,4.535
2007-11-27,2.6455,4.5247
2007-11-28,2.6567,4.5089
2007-11-29,2.7128,4.5084
2007-11-30,2.6959,4.5086
2007-12-03,2.6462,4.5085
2007-12-04,2.6521,4.5085
2007-12-05,2.6934,4.5096
2007-12-06,2.651,4.5038
2007-12-07,2.6018,4.5043
2007-12-10,2.6041,4.4996
2007-12-11,2.6022,4.5116
2007-12-12,2.5536,4.5118
2007-12-13,2.5758,4.5067
2007-12-14,2.504,4.4251
2007-12-17,2.4618,4.4282
2007-12-18,2.4094,4.4279
2007-12-19,2.4254,4.428
2007-12-20,2.3735,4.4282
2007-12-21,2.3981,4.4526
2007-12-24,2.4677,4.4517
2007-12-25,2.5356,4.4528
2007-12-26,2.5791,4.4541
2007-12-27,2.4024,4.4005
2007-12-28,2.4458,4.4357
2007-12-29,2.53,4.4253
2008-01-02,2.569,4.4363
2008-01-03,2.4788,4.4263
2008-01-04,2.5547,4.4013
2008-01-07,2.5816,4.3948
2008-01-08,2.5607,4.4024
2008-01-09,2.431,4.4022
2008-01-10,2.5038,4.4067
2008-01-11,2.4462,4.3893
2008-01-14,2.5077,4.402
2008-01-15,2.5046,4.4022
2008-01-16,2.4017,4.4028
2008-01-17,2.4343,4.3978
2008-01-18,2.3741,4.403
2008-01-21,2.4046,4.3777
2008-01-22,2.5962,4.3679
2008-01-23,2.6219,4.2883
2008-01-24,2.5061,4.2433
2008-01-25,2.5174,4.244
2008-01-28,2.7861,4.2226
2008-01-29,2.8066,4.2539
2008-01-30,2.837,4.2502
2008-01-31,2.8723,4.1937
2008-02-01,2.8827,4.1308
2008-02-02,2.9598,4.1307
2008-02-03,2.9345,4.1309
2008-02-04,2.9317,4.1311
2008-02-05,2.4992,4.1458
2008-02-13,3.0467,4.1559
2008-02-14,2.5341,4.1561
2008-02-15,2.5116,4.1791
2008-02-18,2.4859,4.1924
2008-02-19,2.5109,4.2176
2008-02-20,2.552,4.1744
2008-02-21,2.5752,4.1818
2008-02-22,2.5602,4.16
2008-02-25,2.5717,4.1439
2008-02-26,2.5934,4.1413
2008-02-27,2.518,4.1436
2008-02-28,2.4527,4.1283
2008-02-29,2.4309,4.1283
2008-03-03,2.4077,4.1285
2008-03-04,2.2173,4.1521
2008-03-05,2.2055,4.1635
2008-03-06,2.1978,4.1768
2008-03-07,2.1779,4.176
2008-03-10,2.1816,4.1768
2008-03-11,2.2072,4.1953
2008-03-12,2.2097,4.1954
2008-03-13,2.1778,4.17
2008-03-14,2.3032,4.15
2008-03-17,2.2763,4.1248
2008-03-18,2.767,4.1151
2008-03-19,2.511,4.075
2008-03-20,2.2989,4.08
2008-03-21,2.3348,4.08
2008-03-24,2.2497,4.077
2008-03-25,2.2441,4.0511
2008-03-26,2.2729,4.0404
2008-03-27,2.2565,4.0009
2008-03-28,2.3108,4.0116
2008-03-31,2.3583,4.046
2008-04-01,2.5337,4.0563
2008-04-02,2.3186,4.0517
2008-04-03,2.3343,4.0444
2008-04-07,2.3189,4.045
2008-04-08,2.3337,4.0451
2008-04-09,2.3272,4.0451
2008-04-10,2.3402,4.0405
2008-04-11,2.3337,4.0457
2008-04-14,2.3075,4.0436
2008-04-15,2.3057,4.0244
2008-04-16,2.3164,4.0184
2008-04-17,2.3268,4.0185
2008-04-18,2.3099,4.0085
2008-04-21,2.3253,4.0087
2008-04-22,2.3135,4.009
2008-04-23,2.3294,4.0244
2008-04-24,2.3451,4.0601
2008-04-25,2.2872,4.0654
2008-04-28,2.299,4.0707
2008-04-29,2.3468,4.0736
2008-04-30,2.3852,4.0725
2008-05-04,2.3411,4.0704
2008-05-05,2.3675,4.0631
2008-05-06,2.4228,4.0632
2008-05-07,2.4471,4.135
2008-05-08,2.4632,4.1253
2008-05-09,2.4657,4.121
2008-05-12,2.4887,4.1517
2008-05-13,2.4983,4.1486
2008-05-14,2.5401,4.1653
2008-05-15,2.444,4.1691
2008-05-16,2.4904,4.1493
2008-05-19,2.5479,4.1669
2008-05-20,2.5763,4.1676
2008-05-21,2.5499,4.1677
2008-05-22,2.5717,4.1631
2008-05-23,2.6346,4.1632
2008-05-26,2.6958,4.1636
2008-05-27,2.7695,4.1618
2008-05-28,2.4865,4.1676
2008-05-29,2.585,4.1636
2008-05-30,2.6766,4.1589
2008-06-02,2.6969,4.1626
2008-06-03,2.6706,4.1588
2008-06-04,2.6758,4.1589
2008-06-05,2.6458,4.1591
2008-06-06,2.6698,4.1617
2008-06-10,2.9285,4.2069
2008-06-11,2.9841,4.3193
2008-06-12,2.9185,4.3009
2008-06-13,2.5765,4.3128
2008-06-16,2.4926,4.3179
2008-06-17,2.5111,4.3354
2008-06-18,2.5967,4.3356
2008-06-19,2.5658,4.3358
2008-06-20,2.6079,4.4213
2008-06-23,2.6642,4.4716
2008-06-24,2.6551,4.4626
2008-06-25,2.6685,4.4582
2008-06-26,2.6226,4.5182
2008-06-27,2.7573,4.558
2008-06-30,2.8553,4.5285
2008-07-01,2.7323,4.5309
2008-07-02,2.7952,4.536
2008-07-03,2.8007,4.5311
2008-07-04,2.8182,4.5313
2008-07-07,2.7912,4.5529
2008-07-08,2.6886,4.5331
2008-07-09,2.6215,4.5059
2008-07-10,2.6339,4.4725
2008-07-11,2.5995,4.4562
2008-07-14,2.5982,4.4328
2008-07-15,2.636,4.4332
2008-07-16,2.6582,4.4338
2008-07-17,2.6031,4.434
2008-07-18,2.6386,4.4236
2008-07-21,2.7931,4.419
2008-07-22,2.62,4.4135
2008-07-23,2.8052,4.4136
2008-07-24,2.6137,4.4137
2008-07-25,2.6105,4.4342
2008-07-28,2.629,4.4374
2008-07-29,2.6458,4.44
2008-07-30,2.6354,4.4351
2008-07-31,2.6726,4.4401
2008-08-01,3.0568,4.4601
2008-08-04,3.1158,4.4612
2008-08-05,3.1297,4.4565
2008-08-06,3.0971,4.4411
2008-08-07,2.7858,4.5238
2008-08-08,3.1415,4.4988
2008-08-11,2.7703,4.5596
2008-08-12,2.7492,4.5139
2008-08-13,2.7054,4.5038
2008-08-14,2.6366,4.4736
2008-08-15,2.6105,4.4133
2008-08-18,2.625,4.4141
2008-08-19,2.6508,4.4042
2008-08-20,2.6231,4.3944
2008-08-21,2.5863,4.3689
2008-08-22,2.5682,4.3554
2008-08-25,2.5819,4.3431
2008-08-26,2.5584,4.3292
2008-08-27,2.5544,4.3096
2008-08-28,2.5554,4.2753
2008-08-29,2.5737,4.2234
2008-09-01,2.5602,4.1363
2008-09-02,2.6217,4.1714
2008-09-03,2.5829,4.1411
2008-09-04,2.607,4.1643
2008-09-05,2.572,4.1703
2008-09-08,2.5297,4.1705
2008-09-09,2.5185,4.1429
2008-09-10,2.5105,4.1015
2008-09-11,2.5696,4.0631
2008-09-12,2.5142,3.9712
2008-09-16,2.5037,3.8
2008-09-17,2.4798,3.7119
2008-09-18,2.567,3.712
2008-09-19,2.6834,3.69
2008-09-22,2.6982,3.7594
2008-09-23,2.8143,3.7612
2008-09-24,2.7953,3.7601
2008-09-25,2.7143,3.7276
2008-09-26,2.7571,3.7282
2008-09-27,2.7405,3.7143
2008-09-28,2.7224,3.7155
2008-10-06,2.8288,3.6809
2008-10-07,2.8321,3.5309
2008-10-08,2.8028,3.3499
2008-10-09,2.5794,3.15
2008-10-10,2.4381,3.051
2008-10-13,2.5714,3.126
2008-10-14,2.5748,3.1593
2008-10-15,2.5528,3.1062
2008-10-16,2.4392,3.1267
2008-10-17,2.5175,3.1768
2008-10-20,2.5151,3.182
2008-10-21,2.5346,3.1826
2008-10-22,2.5447,3.1922
2008-10-23,2.5136,3.1978
2008-10-24,2.0109,3.1931
2008-10-27,2.2546,3.1522
2008-10-28,2.0812,3.1042
2008-10-29,2.2958,3.0694
2008-10-30,1.9856,3.0703
2008-10-31,1.9374,3.0751
2008-11-03,2.3562,3.0549
2008-11-04,1.9897,3.0569
2008-11-05,2.338,3.0676
2008-11-06,2.2999,3.0424
2008-11-07,1.8309,2.9767
2008-11-10,1.6749,2.9005
2008-11-11,1.6642,2.9221
2008-11-12,1.6664,2.8969
2008-11-13,1.5923,2.8639
2008-11-14,1.5976,2.9482
2008-11-17,1.5611,2.9984
2008-11-18,1.5491,2.9974
2008-11-19,1.6878,3.0885
2008-11-20,1.654,3.0531
2008-11-21,1.6912,3.0049
2008-11-24,1.6877,3.0638
2008-11-25,1.707,3.1728
2008-11-26,1.6952,3.1034
2008-11-27,1.3724,2.9064
2008-11-28,1.339,2.9905
2008-12-01,1.5195,3.0378
2008-12-02,1.3942,3.0306
2008-12-03,1.2722,2.9467
2008-12-04,1.3733,2.9343
2008-12-05,1.0364,2.9061
2008-12-08,1.1657,2.9053
2008-12-09,1.116,3.0072
2008-12-10,1.1008,3.013
2008-12-11,1.0681,3.004
2008-12-12,1.0676,2.9237
2008-12-15,0.9436,2.9186
2008-12-16,0.8945,2.9243
2008-12-17,0.9104,2.81
2008-12-18,0.8583,2.7043
2008-12-19,0.7471,2.7384
2008-12-22,0.7418,2.739
2008-12-23,0.8644,2.6887
2008-12-24,0.9367,2.7045
2008-12-25,0.7782,2.7047
2008-12-26,0.7833,2.7301
2008-12-29,0.7839,2.7559
2008-12-30,0.779,2.7566
2008-12-31,0.8007,2.7521
2009-01-04,0.7969,2.7102
2009-01-05,0.7956,2.73
2009-01-06,0.7819,2.6909
2009-01-07,0.7818,2.6711
2009-01-08,0.7607,2.6716
2009-01-09,0.7479,2.6722
2009-01-12,0.7433,2.7
2009-01-13,0.7312,2.8257
2009-01-14,0.7269,2.8818
2009-01-15,0.7249,2.9897
2009-01-16,0.7473,2.994
2009-01-19,0.7769,3.0123
2009-01-20,0.7708,3.0995
2009-01-21,0.8164,3.1398
2009-01-22,0.8071,3.0619
2009-01-23,0.794,3.0367
2009-01-24,0.7887,3.0368
2009-02-01,0.7755,3.0502
2009-02-02,0.7708,3.1433
2009-02-03,0.7855,3.1766
2009-02-04,0.7733,3.2946
2009-02-05,0.8201,3.4013
2009-02-06,0.7979,3.2967
2009-02-09,0.7845,3.269
2009-02-10,0.7909,3.3001
2009-02-11,0.7967,3.2323
2009-02-12,0.816,3.1271
2009-02-13,0.8077,3.1321
2009-02-16,0.7836,3.1547
2009-02-17,0.7911,3.1897
2009-02-18,0.7699,3.1703
2009-02-19,0.7836,3.1385
2009-02-20,0.7793,3.1583
2009-02-23,0.7865,3.1555
2009-02-24,0.7759,3.1508
2009-02-25,0.7705,3.1412
2009-02-26,0.7557,3.1447
2009-02-27,0.7611,3.1508
2009-03-02,0.7613,3.1582
2009-03-03,0.7553,3.1755
2009-03-04,0.7495,3.2075
2009-03-05,0.739,3.231
2009-03-06,0.723,3.2291
2009-03-09,0.7186,3.2036
2009-03-10,0.7171,3.178
2009-03-11,0.7178,3.1331
2009-03-12,0.7176,3.1524
2009-03-13,0.7177,3.148
2009-03-16,0.7326,3.1534
2009-03-17,0.7276,3.1249
2009-03-18,0.7399,3.1
2009-03-19,0.7184,3.0768
2009-03-20,0.7201,3.0772
2009-03-23,0.7216,3.0831
2009-03-24,0.7213,3.1295
2009-03-25,0.7212,3.1297
2009-03-26,0.7148,3.1606
2009-03-27,0.7147,3.1594
2009-03-30,0.7102,3.1608
2009-03-31,0.7304,3.1612
2009-04-01,0.7453,3.1618
2009-04-02,0.7324,3.1714
2009-04-03,0.7587,3.1805
2009-04-07,0.7712,3.1805
2009-04-08,0.7849,3.1869
2009-04-09,0.7644,3.1949
2009-04-10,0.758,3.1954
2009-04-13,0.7706,3.1953
2009-04-14,0.777,3.2044
2009-04-15,0.7473,3.2114
2009-04-16,0.7872,3.1841
2009-04-17,0.7775,3.1634
2009-04-20,0.7675,3.1412
2009-04-21,0.7487,3.1616
2009-04-22,0.7444,3.1609
2009-04-23,0.741,3.1618
2009-04-24,0.8096,3.1571
2009-04-27,0.7592,3.1579
2009-04-28,0.7468,3.1532
2009-04-29,0.7454,3.1286
2009-04-30,0.7417,3.1072
2009-05-04,0.7454,3.1092
2009-05-05,0.7505,3.1036
2009-05-06,0.7512,3.0795
2009-05-07,0.756,3.0739
2009-05-08,0.7559,3.0701
2009-05-11,0.7574,3.0698
2009-05-12,0.7724,3.0662
2009-05-13,0.7719,3.0365
2009-05-14,0.7731,3.0318
2009-05-15,0.7665,3.0321
2009-05-18,0.7654,3.0277
2009-05-19,0.7615,3.0384
2009-05-20,0.7608,3.0386
2009-05-21,0.7761,3.0388
2009-05-22,0.7424,3.0434
2009-05-25,0.7816,3.0441
2009-05-26,0.7729,3.0546
2009-05-27,0.7736,3.039
2009-05-31,0.8084,3.0409
2009-06-01,0.7786,3.0615
2009-06-02,0.7915,3.0515
2009-06-03,0.774,3.065
2009-06-04,0.8072,3.1349
2009-06-05,0.7675,3.1474
2009-06-08,0.8262,3.1543
2009-06-09,0.8237,3.1481
2009-06-10,0.7716,3.166
2009-06-11,0.8298,3.17
2009-06-12,0.8328,3.1868
2009-06-15,0.813,3.1947
2009-06-16,0.8137,3.1476
2009-06-17,0.8225,3.1332
2009-06-18,0.8316,3.1536
2009-06-19,0.8286,3.1543
2009-06-22,0.8402,3.1876
2009-06-23,0.8453,3.2325
2009-06-24,0.8458,3.2397
2009-06-25,0.8462,3.2525
2009-06-26,0.8579,3.2628
2009-06-29,0.8755,3.2456
2009-06-30,0.8758,3.2403
2009-07-01,0.8664,3.23
2009-07-02,0.8545,3.2277
2009-07-03,0.8523,3.2534
2009-07-06,0.8355,3.2702
2009-07-07,0.851,3.2706
2009-07-08,0.8793,3.2709
2009-07-09,0.9077,3.3068
2009-07-10,0.9691,3.3056
2009-07-13,1.003,3.306
2009-07-14,1.0069,3.3322
2009-07-15,1.0095,3.3816
2009-07-16,1.0846,3.4421
2009-07-17,1.1751,3.451
2009-07-20,1.1772,3.478
2009-07-21,1.242,3.4697
2009-07-22,1.2468,3.4522
2009-07-23,1.2359,3.4511
2009-07-24,1.2227,3.4588
2009-07-27,1.2283,3.5091
2009-07-28,1.2003,3.4866
2009-07-29,1.1419,3.502
2009-07-30,1.2207,3.4905
2009-07-31,1.1552,3.503
2009-08-03,1.1628,3.5034
2009-08-04,1.1928,3.515
2009-08-05,1.1821,3.5165
2009-08-06,1.1646,3.5167
2009-08-07,1.1633,3.5168
2009-08-10,1.1491,3.5177
2009-08-11,1.1279,3.518
2009-08-12,1.0578,3.5209
2009-08-13,1.0595,3.5187
2009-08-14,1.0414,3.518
2009-08-17,1.0488,3.5231
2009-08-18,1.0383,3.5242
2009-08-19,1.0252,3.5255
2009-08-20,1.0239,3.5162
2009-08-21,1.0211,3.5276
2009-08-24,1.0144,3.4886
2009-08-25,0.9916,3.4966
2009-08-26,0.9925,3.485
2009-08-27,0.9977,3.4847
2009-08-28,0.9926,3.48
2009-08-31,0.9935,3.4805
2009-09-01,0.9942,3.481
2009-09-02,1.0274,3.4982
2009-09-03,1.0409,3.4862
2009-09-04,1.0184,3.4698
2009-09-07,1.0937,3.4317
2009-09-08,1.1025,3.4268
2009-09-09,1.0843,3.4323
2009-09-10,1.1159,3.451
2009-09-11,1.0544,3.4652
2009-09-14,1.028,3.4631
2009-09-15,1.0422,3.4581
2009-09-16,1.0721,3.4535
2009-09-17,1.0967,3.4636
2009-09-18,1.095,3.4741
2009-09-21,1.1114,3.5132
2009-09-22,1.1164,3.5212
2009-09-23,1.1278,3.5126
2009-09-24,1.131,3.5096
2009-09-25,1.1494,3.5101
2009-09-27,1.1602,3.5103
2009-09-28,1.1626,3.4917
2009-09-29,1.1471,3.5
2009-09-30,1.1627,3.5132
2009-10-09,1.1768,3.5542
2009-10-10,1.1507,3.5541
2009-10-12,1.1496,3.6043
2009-10-13,1.1778,3.6305
2009-10-14,1.1795,3.6787
2009-10-15,1.1896,3.7
2009-10-16,1.1753,3.7058
2009-10-19,1.2113,3.6789
2009-10-20,1.1795,3.6773
2009-10-21,1.1836,3.6933
2009-10-22,1.1903,3.6587
2009-10-23,1.1675,3.692
2009-10-26,1.1089,3.6925
2009-10-27,1.0872,3.6905
2009-10-28,1.1016,3.6855
2009-10-29,1.1017,3.6818
2009-10-30,1.0713,3.6886
2009-11-02,1.0711,3.692
2009-11-03,1.0778,3.6944
2009-11-04,1.0811,3.7038
2009-11-05,1.1166,3.7247
2009-11-06,1.0925,3.7303
2009-11-09,1.0856,3.7313
2009-11-10,1.1002,3.7281
2009-11-11,1.1004,3.6988
2009-11-12,1.1059,3.6918
2009-11-13,1.095,3.6921
2009-11-16,1.0882,3.6927
2009-11-17,1.0759,3.6956
2009-11-18,1.0757,3.6885
2009-11-19,1.0719,3.6866
2009-11-20,1.0706,3.6648
2009-11-23,1.0689,3.6703
2009-11-24,1.0652,3.6504
2009-11-25,1.0661,3.651
2009-11-26,1.0651,3.6459
2009-11-27,1.0697,3.5759
2009-11-30,1.0662,3.5569
2009-12-01,1.1029,3.5723
2009-12-02,1.0967,3.5725
2009-12-03,1.0915,3.5929
2009-12-04,1.0923,3.5983
2009-12-07,1.0824,3.62
2009-12-08,1.0928,3.6292
2009-12-09,1.0882,3.6251
2009-12-10,1.0911,3.6258
2009-12-11,1.1052,3.6257
2009-12-14,1.1086,3.6348
2009-12-15,1.0749,3.6314
2009-12-16,1.0472,3.6339
2009-12-17,1.0545,3.6365
2009-12-18,1.0564,3.6393
2009-12-21,1.064,3.6508
2009-12-22,1.061,3.6507
2009-12-23,1.0577,3.6589
2009-12-24,1.0649,3.6565
2009-12-25,1.0663,3.6543
2009-12-28,1.0656,3.65
2009-12-29,1.0577,3.6426
2009-12-30,1.0567,3.6429
2009-12-31,1.0506,3.6422
2010-01-04,1.0646,3.6603
2010-01-05,1.0462,3.6606
2010-01-06,1.0708,3.6425
2010-01-07,1.0412,3.6543
2010-01-08,1.038,3.6614
2010-01-11,1.0361,3.6696
2010-01-12,1.0344,3.6694
2010-01-13,1.2197,3.7053
2010-01-14,1.0265,3.6868
2010-01-15,1.0069,3.6871
2010-01-18,1.0048,3.6852
2010-01-19,1.0043,3.6559
2010-01-20,0.999,3.64
2010-01-21,1.0003,3.6558
2010-01-22,1.0025,3.63
2010-01-25,1.0683,3.6
2010-01-26,1.0816,3.5838
2010-01-27,1.1487,3.5648
2010-01-28,1.1708,3.5879
2010-01-29,1.1988,3.58
2010-02-01,1.194,3.5406
2010-02-02,1.2098,3.4956
2010-02-03,1.2379,3.4648
2010-02-04,1.2526,3.5006
2010-02-05,1.2397,3.4733
2010-02-08,1.251,3.4706
2010-02-09,1.2568,3.4743
2010-02-10,1.2958,3.4615
2010-02-11,1.3789,3.4516
2010-02-12,1.3318,3.457
2010-02-20,1.3185,3.4889
2010-02-21,1.2636,3.4841
2010-02-22,1.2444,3.5149
2010-02-23,1.2551,3.51
2010-02-24,1.2399,3.4646
2010-02-25,1.2409,3.4448
2010-02-26,1.2144,3.3753
2010-03-01,1.2135,3.3613
2010-03-02,1.2069,3.3414
2010-03-03,1.186,3.3169
2010-03-04,1.1811,3.3518
2010-03-05,1.1725,3.3537
2010-03-08,1.1585,3.3602
2010-03-09,1.164,3.3817
2010-03-10,1.162,3.403
2010-03-11,1.1621,3.4559
2010-03-12,1.154,3.4526
2010-03-15,1.1611,3.4484
2010-03-16,1.1623,3.4331
2010-03-17,1.1596,3.3829
2010-03-18,1.1683,3.3639
2010-03-19,1.163,3.3805
2010-03-22,1.1855,3.4216
2010-03-23,1.1939,3.4062
2010-03-24,1.195,3.3961
2010-03-25,1.1993,3.4168
2010-03-26,1.1663,3.4582
2010-03-29,1.1371,3.4784
2010-03-30,1.1062,3.4959
2010-03-31,1.1342,3.4818
2010-04-01,1.1253,3.4742
2010-04-02,1.1168,3.48
2010-04-06,1.1192,3.5021
2010-04-07,1.1235,3.5182
2010-04-08,1.116,3.5549
2010-04-09,1.134,3.5468
2010-04-12,1.1429,3.5343
2010-04-13,1.1512,3.5031
2010-04-14,1.1522,3.5043
2010-04-15,1.1517,3.5071
2010-04-16,1.1452,3.4813
2010-04-19,1.1378,3.4116
2010-04-20,1.1537,3.4086
2010-04-21,1.1554,3.4354
2010-04-22,1.1544,3.4093
2010-04-23,1.1753,3.4106
2010-04-26,1.1716,3.3715
2010-04-27,1.1943,3.3768
2010-04-28,1.2017,3.3456
2010-04-29,1.2099,3.3607
2010-04-30,1.2409,3.3565
2010-05-04,1.2141,3.3826
2010-05-05,1.2107,3.3636
2010-05-06,1.2079,3.3485
2010-05-07,1.2097,3.2721
2010-05-10,1.2542,3.3027
2010-05-11,1.2493,3.2983
2010-05-12,1.2481,3.2781
2010-05-13,1.274,3.2686
2010-05-14,1.2824,3.2687
2010-05-17,1.3064,3.2257
2010-05-18,1.3104,3.2118
2010-05-19,1.3114,3.1865
2010-05-20,1.3384,3.2078
2010-05-21,1.4041,3.1972
2010-05-24,1.4737,3.2277
2010-05-25,1.5018,3.203
2010-05-26,1.5979,3.2272
2010-05-27,1.6646,3.2416
2010-05-28,1.6241,3.2529
2010-05-31,1.6661,3.243
2010-06-01,1.7551,3.2726
2010-06-02,1.7764,3.2748
2010-06-03,1.7575,3.2478
2010-06-04,1.6509,3.2512
2010-06-07,1.5534,3.226
2010-06-08,1.5683,3.2432
2010-06-09,1.5896,3.2845
2010-06-10,1.6729,3.2891
2010-06-11,1.7372,3.332
2010-06-12,1.8433,3.3282
2010-06-13,1.8311,3.3282
2010-06-17,1.8391,3.3296
2010-06-18,1.8808,3.3836
2010-06-21,1.9331,3.3925
2010-06-22,1.9535,3.3807
2010-06-23,1.963,3.4129
2010-06-24,2.0092,3.4179
2010-06-25,1.9977,3.3822
2010-06-28,1.9954,3.3435
2010-06-29,2.0117,3.2909
2010-06-30,1.9767,3.279
2010-07-01,1.9855,3.2848
2010-07-02,1.975,3.2665
2010-07-05,1.9538,3.2517
2010-07-06,1.9567,3.2168
2010-07-07,1.9248,3.2233
2010-07-08,1.8178,3.2382
2010-07-09,1.6513,3.2347
2010-07-12,1.538,3.2146
2010-07-13,1.4068,3.1767
2010-07-14,1.3123,3.1744
2010-07-15,1.2904,3.1817
2010-07-16,1.2792,3.1976
2010-07-19,1.2995,3.1901
2010-07-20,1.3392,3.2086
2010-07-21,1.3531,3.2144
2010-07-22,1.3389,3.2161
2010-07-23,1.325,3.2528
2010-07-26,1.3688,3.2813
2010-07-27,1.3475,3.2816
2010-07-28,1.347,3.2982
2010-07-29,1.3506,3.2993
2010-07-30,1.3603,3.2996
2010-08-02,1.362,3.3131
2010-08-03,1.3589,3.3105
2010-08-04,1.3531,3.2971
2010-08-05,1.3545,3.2967
2010-08-06,1.3463,3.2922
2010-08-09,1.3418,3.2975
2010-08-10,1.3368,3.2972
2010-08-11,1.3348,3.2685
2010-08-12,1.3333,3.223
2010-08-13,1.3127,3.2374
2010-08-16,1.2852,3.2504
2010-08-17,1.2851,3.2461
2010-08-18,1.2879,3.245
2010-08-19,1.2918,3.2501
2010-08-20,1.3071,3.2389
2010-08-23,1.3097,3.2346
2010-08-24,1.3409,3.2229
2010-08-25,1.353,3.2154
2010-08-26,1.4221,3.2322
2010-08-27,1.4826,3.2379
2010-08-30,1.5147,3.2304
2010-08-31,1.5632,3.2301
2010-09-01,1.6051,3.2358
2010-09-02,1.5611,3.2418
2010-09-03,1.5637,3.2406
2010-09-06,1.5752,3.258
2010-09-07,1.528,3.2739
2010-09-08,1.5014,3.2632
2010-09-09,1.519,3.2681
2010-09-10,1.5093,3.2989
2010-09-13,1.5249,3.3251
2010-09-14,1.5157,3.3205
2010-09-15,1.5393,3.3443
2010-09-16,1.531,3.3401
2010-09-17,1.488,3.3504
2010-09-19,1.4662,3.35
2010-09-20,1.5415,3.3388
2010-09-21,1.6134,3.3391
2010-09-25,1.6587,3.3387
2010-09-26,1.6189,3.3428
2010-09-27,1.6014,3.3378
2010-09-28,1.6625,3.3371
2010-09-29,1.6557,3.331
2010-09-30,1.677,3.3183
2010-10-08,1.6157,3.3342
2010-10-09,1.6039,3.3584
2010-10-11,1.5852,3.404
2010-10-12,1.5657,3.4179
2010-10-13,1.5368,3.4271
2010-10-14,1.5141,3.4275
2010-10-15,1.4679,3.4247
2010-10-18,1.4659,3.4182
2010-10-19,1.4596,3.4205
2010-10-20,1.5488,3.6201
2010-10-21,1.5246,3.637
2010-10-22,1.5077,3.6358
2010-10-25,1.4909,3.6407
2010-10-26,1.4896,3.6944
2010-10-27,1.4961,3.6975
2010-10-28,1.5054,3.6863
2010-10-29,1.5379,3.6821
2010-11-01,1.5376,3.6941
2010-11-02,1.5577,3.7497
2010-11-03,1.5542,3.8113
2010-11-04,1.5482,3.8434
2010-11-05,1.5439,3.8458
2010-11-08,1.4851,3.8392
2010-11-09,1.4778,3.8445
2010-11-10,1.4661,3.9204
2010-11-11,1.4702,3.953
2010-11-12,1.4737,3.9534
2010-11-15,1.5111,3.945
2010-11-16,1.5704,3.9065
2010-11-17,1.592,3.86
2010-11-18,1.6753,3.8336
2010-11-19,1.711,3.87
2010-11-22,1.8261,3.9161
2010-11-23,1.9491,3.9317
2010-11-24,2.0035,3.9533
2010-11-25,2.0433,3.9674
2010-11-26,2.0793,4.0123
2010-11-29,2.1646,3.9959
2010-11-30,2.3047,3.971
2010-12-01,2.3616,3.8919
2010-12-02,2.2849,3.8609
2010-12-03,2.1957,3.8699
2010-12-06,2.085,3.8696
2010-12-07,2.0981,3.8435
2010-12-08,2.1651,3.8609
2010-12-09,2.1798,3.9023
2010-12-10,2.2457,3.8888
2010-12-13,2.2827,3.8509
2010-12-14,2.3002,3.8521
2010-12-15,2.3838,3.815
2010-12-16,2.3763,3.8044
2010-12-17,2.3874,3.8058
2010-12-20,2.4334,3.785
2010-12-21,2.5397,3.7956
2010-12-22,2.6565,3.8004
2010-12-23,3.0582,3.8108
2010-12-24,3.3974,3.8136
2010-12-27,3.4554,3.8913
2010-12-28,3.5419,3.9118
2010-12-29,3.5429,3.9019
2010-12-30,3.5498,3.88
2010-12-31,3.2827,3.8799
2011-01-04,2.7332,3.8606
2011-01-05,2.4946,3.8132
2011-01-06,2.329,3.8339
2011-01-07,2.2992,3.8237
2011-01-10,2.2708,3.8449
2011-01-11,2.2579,3.8703
2011-01-12,2.2554,3.855
2011-01-13,2.2113,3.8831
2011-01-14,2.1933,3.9156
2011-01-17,2.2424,3.9651
2011-01-18,2.2687,3.9954
2011-01-19,2.6852,3.9752
2011-01-20,3.0608,3.9749
2011-01-21,3.1899,3.9837
2011-01-24,3.1262,3.9918
2011-01-25,3.7243,4.0152
2011-01-26,3.903,3.9991
2011-01-27,4.0126,4.0058
2011-01-28,3.9864,4.0096
2011-01-30,4.0846,4.01
2011-01-31,3.4205,4.0187
2011-02-01,2.8124,4.0186
2011-02-09,3.0268,4.1006
2011-02-10,2.6713,4.1158
2011-02-11,2.6446,4.1062
2011-02-12,2.5303,4.1087
2011-02-14,2.3464,4.0552
2011-02-15,2.3354,4.0454
2011-02-16,2.3626,4.045
2011-02-17,2.274,4.0449
2011-02-18,2.2359,4.045
2011-02-21,2.4083,4.0702
2011-02-22,2.3229,4.04
2011-02-23,2.1894,3.9946
2011-02-24,2.2692,3.9132
2011-02-25,2.3893,3.9566
2011-02-28,2.2897,3.9314
2011-03-01,2.0846,3.9259
2011-03-02,2.0175,3.9233
2011-03-03,2.01,3.9279
2011-03-04,1.9452,3.9388
2011-03-07,1.8668,3.9351
2011-03-08,1.7836,3.9078
2011-03-09,1.8271,3.8879
2011-03-10,1.8229,3.9321
2011-03-11,1.8034,3.9328
2011-03-14,1.7495,3.9074
2011-03-15,1.7853,3.8659
2011-03-16,1.8223,3.86
2011-03-17,1.8298,3.8326
2011-03-18,1.8217,3.8489
2011-03-21,2.0162,3.8774
2011-03-22,2.0337,3.8987
2011-03-23,2.0109,3.9037
2011-03-24,2.0104,3.8762
2011-03-25,1.9473,3.8714
2011-03-28,1.8585,3.8807
2011-03-29,1.8636,3.9044
2011-03-30,1.8716,3.9069
2011-03-31,1.8696,3.912
2011-04-01,1.8591,3.9126
2011-04-02,1.8646,3.9078
2011-04-06,1.9208,3.9203
2011-04-07,1.9376,3.9167
2011-04-08,1.9275,3.9081
2011-04-11,1.9678,3.8928
2011-04-12,1.9664,3.87
2011-04-13,1.9597,3.8703
2011-04-14,1.9371,3.8707
2011-04-15,1.9041,3.8709
2011-04-18,1.9059,3.896
2011-04-19,1.871,3.8911
2011-04-20,1.8428,3.8913
2011-04-21,2.337,3.8912
2011-04-22,2.2881,3.8966
2011-04-25,2.2774,3.8961
2011-04-26,2.2924,3.896
2011-04-27,2.0926,3.8812
2011-04-28,2.0902,3.87
2011-04-29,2.2665,3.8713
2011-05-03,2.251,3.8752
2011-05-04,2.2398,3.8772
2011-05-05,2.0554,3.8715
2011-05-06,2.0574,3.8308
2011-05-09,2.1179,3.8378
2011-05-10,2.1157,3.8326
2011-05-11,2.1465,3.8334
2011-05-12,2.1299,3.8211
2011-05-13,2.1707,3.8363
2011-05-16,2.2043,3.8432
2011-05-17,2.2173,3.8318
2011-05-18,2.6337,3.8338
2011-05-19,2.6935,3.8309
2011-05-20,2.7777,3.8429
2011-05-23,2.8284,3.84
2011-05-24,3.0098,3.8414
2011-05-25,3.1543,3.8382
2011-05-26,3.0999,3.8352
2011-05-27,2.5557,3.8217
2011-05-30,2.5281,3.8256
2011-05-31,2.7897,3.8311
2011-06-01,2.6376,3.8311
2011-06-02,2.6193,3.8337
2011-06-03,2.52,3.8337
2011-06-07,2.7283,3.8341
2011-06-08,2.8698,3.8572
2011-06-09,2.8947,3.8726
2011-06-10,2.9188,3.894
2011-06-13,2.9169,3.9036
2011-06-14,2.9151,3.9406
2011-06-15,3.249,3.9986
2011-06-16,3.3444,3.9839
2011-06-17,3.399,3.9803
2011-06-20,3.9507,3.9413
2011-06-21,4.0107,3.9003
2011-06-22,4.2265,3.9555
2011-06-23,4.2483,3.9691
2011-06-24,4.0612,3.8963
2011-06-27,3.6263,3.8703
2011-06-28,3.1796,3.88
2011-06-29,3.1869,3.8833
2011-06-30,3.139,3.8857
2011-07-01,3.0489,3.8775
2011-07-04,2.8949,3.8842
2011-07-05,3.1554,3.8909
2011-07-06,3.0456,3.9116
2011-07-07,3.0017,3.9021
2011-07-08,2.9694,3.8881
2011-07-11,2.8736,3.8923
2011-07-12,2.6368,3.8899
2011-07-13,2.8222,3.8913
2011-07-14,3.2895,3.9204
2011-07-15,3.0475,3.9278
2011-07-18,2.8999,3.9558
2011-07-19,3.2909,4.0088
2011-07-20,3.5327,4.0715
2011-07-21,3.7574,4.0889
2011-07-22,3.694,4.0671
2011-07-25,3.648,4.0663
2011-07-26,3.4371,4.0753
2011-07-27,3.2569,4.0855
2011-07-28,2.9721,4.0627
2011-07-29,2.8753,4.0477
2011-08-01,2.7056,4.0502
2011-08-02,2.5717,4.0615
2011-08-03,2.5734,4.1201
2011-08-04,2.5973,4.0911
2011-08-05,2.5773,4.0423
2011-08-08,2.5284,4.0007
2011-08-09,2.5219,3.9554
2011-08-10,2.6001,3.9639
2011-08-11,2.4823,3.9291
2011-08-12,2.4913,3.9268
2011-08-15,2.4663,3.9231
2011-08-16,2.5625,3.9492
2011-08-17,2.5496,3.9432
2011-08-18,2.7922,3.956
2011-08-19,2.9121,3.9331
2011-08-22,3.0809,3.9325
2011-08-23,3.1699,3.9356
2011-08-24,2.9731,3.9501
2011-08-25,2.7622,3.975
2011-08-26,2.7116,3.9886
2011-08-29,2.7424,4.0994
2011-08-30,2.9258,4.1303
2011-08-31,2.9024,4.105
2011-09-01,2.934,4.0708
2011-09-02,2.9587,4.07
2011-09-05,3.1554,4.0501
2011-09-06,2.7907,4.0107
2011-09-07,2.8853,4.05
2011-09-08,2.8647,4.065
2011-09-09,2.8357,4.0452
2011-09-13,2.7661,4.0208
2011-09-14,2.6675,4.021
2011-09-15,2.7686,4.0495
2011-09-16,2.7715,4.0752
2011-09-19,2.9339,4.0801
2011-09-20,3.0989,4.0801
2011-09-21,3.0732,4.0908
2011-09-22,2.9566,4.0676
2011-09-23,2.8242,3.9662
2011-09-26,2.7129,3.8878
2011-09-27,3.1994,3.9158
2011-09-28,3.1689,3.9203
2011-09-29,3.1029,3.884
2011-09-30,3.2554,3.8605
2011-10-08,3.2575,3.8605
2011-10-09,3.1066,3.8056
2011-10-10,2.8969,3.7706
2011-10-11,2.7933,3.7593
2011-10-12,2.7678,3.8005
2011-10-13,2.7055,3.8205
2011-10-14,2.6744,3.7707
2011-10-17,2.6761,3.7906
2011-10-18,2.6652,3.7407
2011-10-19,2.6493,3.7311
2011-10-20,2.7308,3.7266
2011-10-21,2.7228,3.7385
2011-10-24,2.7898,3.7533
2011-10-25,2.8974,3.796
2011-10-26,3.0457,3.7918
2011-10-27,3.09,3.8032
2011-10-28,3.2487,3.787
2011-10-31,3.1831,3.7607
2011-11-01,2.8984,3.7395
2011-11-02,2.7807,3.7208
2011-11-03,2.7744,3.7233
2011-11-04,2.7591,3.7158
2011-11-07,2.7564,3.7333
2011-11-08,2.6652,3.6988
2011-11-09,2.5102,3.6436
2011-11-10,2.4913,3.5563
2011-11-11,2.4009,3.5916
2011-11-14,2.3727,3.5807
2011-11-15,2.3952,3.6563
2011-11-16,2.3947,3.626
2011-11-17,2.5023,3.636
2011-11-18,2.5595,3.6412
2011-11-21,2.5997,3.6598
2011-11-22,2.7057,3.6412
2011-11-23,2.7545,3.5914
2011-11-24,2.7414,3.6103
2011-11-25,2.7999,3.6115
2011-11-28,2.6861,3.6402
2011-11-29,2.5664,3.6315
2011-11-30,2.5936,3.6091
2011-12-01,2.3162,3.5005
2011-12-02,2.3189,3.472
2011-12-05,2.2491,3.442
2011-12-06,2.2879,3.479
2011-12-07,2.3076,3.489
2011-12-08,2.3027,3.4953
2011-12-09,2.3185,3.4817
2011-12-12,2.34,3.4927
2011-12-13,2.3339,3.4982
2011-12-14,2.4624,3.4807
2011-12-15,2.3534,3.489
2011-12-16,2.2986,3.4637
2011-12-19,2.2913,3.4702
2011-12-20,2.2957,3.4655
2011-12-21,2.3313,3.4709
2011-12-22,2.3718,3.4752
2011-12-23,2.3809,3.4803
2011-12-26,2.4015,3.4653
2011-12-27,2.4439,3.4603
2011-12-28,2.5633,3.4603
2011-12-29,2.5622,3.4453
2011-12-30,2.5639,3.4303
2011-12-31,2.7708,3.4211
2012-01-04,2.5759,3.4395
2012-01-05,2.786,3.4304
2012-01-06,2.7769,3.397
2012-01-09,2.7812,3.3806
2012-01-10,2.6453,3.403
2012-01-11,2.494,3.4208
2012-01-12,2.5821,3.402
2012-01-13,2.7273,3.4108
2012-01-16,2.9043,3.4233
2012-01-17,3.4967,3.4045
2012-01-18,3.8274,3.3957
2012-01-19,3.1756,3.3758
2012-01-20,2.5713,3.3808
2012-01-21,2.5651,3.3811
2012-01-29,2.5752,3.3812
2012-01-30,2.4798,3.4005
2012-01-31,2.5123,3.4064
2012-02-01,2.5466,3.4318
2012-02-02,2.5783,3.441
2012-02-03,2.558,3.436
2012-02-06,2.3974,3.4785
2012-02-07,2.3983,3.481
2012-02-08,2.4543,3.5098
2012-02-09,2.4557,3.5409
2012-02-10,2.4846,3.521
2012-02-13,2.4777,3.5148
2012-02-14,2.6186,3.516
2012-02-15,2.6472,3.5335
2012-02-16,2.8657,3.5361
2012-02-17,3.0921,3.5361
2012-02-20,3.0663,3.5116
2012-02-21,3.0905,3.5164
2012-02-22,2.9478,3.5276
2012-02-23,2.9959,3.5254
2012-02-24,2.9316,3.5164
2012-02-27,2.5786,3.5501
2012-02-28,2.4444,3.5464
2012-02-29,2.4194,3.534
2012-03-01,2.3925,3.55
2012-03-02,2.4161,3.5616
2012-03-05,2.4282,3.5614
2012-03-06,2.3939,3.5465
2012-03-07,2.3622,3.5316
2012-03-08,2.3282,3.5316
2012-03-09,2.3198,3.5367
2012-03-12,2.3096,3.5242
2012-03-13,2.3351,3.5401
2012-03-14,2.3338,3.5451
2012-03-15,2.3791,3.5589
2012-03-16,2.4106,3.5483
2012-03-19,2.4143,3.559
2012-03-20,2.4459,3.5601
2012-03-21,2.4602,3.5608
2012-03-22,2.5134,3.5502
2012-03-23,2.5191,3.5267
2012-03-26,2.5047,3.5247
2012-03-27,2.4537,3.5403
2012-03-28,2.4897,3.5223
2012-03-29,2.4477,3.5143
2012-03-30,2.4569,3.5054
2012-03-31,2.4557,3.5004
2012-04-01,2.4441,3.5204
2012-04-05,2.5805,3.5191
2012-04-06,2.6646,3.5203
2012-04-09,2.5498,3.5352
2012-04-10,2.568,3.5366
2012-04-11,2.5694,3.5308
2012-04-12,2.5879,3.5407
2012-04-13,2.6766,3.5277
2012-04-16,2.6374,3.5318
2012-04-17,2.5347,3.5291
2012-04-18,2.5283,3.5366
2012-04-19,2.5945,3.5518
2012-04-20,2.6707,3.5414
2012-04-23,2.6407,3.5407
2012-04-24,2.5805,3.5302
2012-04-25,2.6979,3.5369
2012-04-26,2.6635,3.5357
2012-04-27,2.6115,3.5389
2012-04-28,2.4158,3.5391
2012-05-02,2.4154,3.5449
2012-05-03,2.4246,3.5454
2012-05-04,2.4249,3.5512
2012-05-07,2.3992,3.5518
2012-05-08,2.2054,3.552
2012-05-09,2.1718,3.5414
2012-05-10,2.1946,3.5287
2012-05-11,2.2145,3.4907
2012-05-14,1.9015,3.4461
2012-05-15,1.9145,3.405
2012-05-16,1.9347,3.3618
2012-05-17,1.9036,3.4116
2012-05-18,1.8726,3.3614
2012-05-21,1.7693,3.3866
2012-05-22,1.7646,3.3948
2012-05-23,1.8144,3.3825
2012-05-24,1.8019,3.3619
2012-05-25,1.7426,3.3019
2012-05-28,1.7722,3.3418
2012-05-29,1.7721,3.3718
2012-05-30,1.796,3.3766
2012-05-31,1.7462,3.3443
2012-06-01,1.7453,3.3416
2012-06-04,1.7478,3.3469
2012-06-05,1.797,3.3568
2012-06-06,1.8666,3.36
2012-06-07,1.9404,3.3751
2012-06-08,1.8396,3.3101
2012-06-11,1.8327,3.3491
2012-06-12,1.8516,3.3747
2012-06-13,1.9041,3.3909
2012-06-14,1.9259,3.4009
2012-06-15,1.9262,3.3932
2012-06-18,1.9148,3.4107
2012-06-19,1.9884,3.4093
2012-06-20,2.1404,3.4101
2012-06-21,2.2518,3.4001
2012-06-25,2.2735,3.3677
2012-06-26,2.3659,3.3653
2012-06-27,2.2087,3.3252
2012-06-28,2.2157,3.3253
2012-06-29,2.2492,3.3253
2012-07-02,2.2472,3.3353
2012-07-03,2.1173,3.3204
2012-07-04,1.8297,3.3195
2012-07-05,1.8063,3.3193
2012-07-06,1.6883,3.296
2012-07-09,1.6717,3.2709
2012-07-10,1.637,3.2549
2012-07-11,1.5841,3.2398
2012-07-12,1.5921,3.2502
2012-07-13,1.6294,3.2591
2012-07-16,1.6082,3.2752
2012-07-17,1.7018,3.285
2012-07-18,1.8841,3.2858
2012-07-19,1.9351,3.286
2012-07-20,2.0758,3.281
2012-07-23,2.1326,3.276
2012-07-24,1.9724,3.2759
2012-07-25,1.8395,3.276
2012-07-26,1.8189,3.2763
2012-07-27,1.8237,3.2764
2012-07-30,1.8223,3.2755
2012-07-31,1.8629,3.2915
2012-08-01,1.9031,3.2921
2012-08-02,1.914,3.2861
2012-08-03,1.9024,3.2902
2012-08-06,1.9245,3.31
2012-08-07,1.9657,3.33
2012-08-08,1.9841,3.3545
2012-08-09,2.0115,3.3023
2012-08-10,2.0419,3.2825
2012-08-13,1.9355,3.3029
2012-08-14,2.0009,3.3105
2012-08-15,2.1809,3.3402
2012-08-16,2.1919,3.3467
2012-08-17,2.2592,3.3342
2012-08-20,2.3884,3.3564
2012-08-21,2.5115,3.3578
2012-08-22,2.3695,3.3935
2012-08-23,2.3536,3.3702
2012-08-24,2.213,3.3364
2012-08-27,2.213,3.3498
2012-08-28,2.2086,3.3634
2012-08-29,2.1802,3.3943
2012-08-30,2.0932,3.3904
2012-08-31,1.9628,3.3928
2012-09-03,1.9219,3.4001
2012-09-04,1.8912,3.3836
2012-09-05,1.9604,3.3887
2012-09-06,1.96,3.3963
2012-09-07,1.9588,3.4162
2012-09-10,2.0439,3.4611
2012-09-11,2.1069,3.4714
2012-09-12,2.1055,3.4909
2012-09-13,2.1557,3.4834
2012-09-14,2.2299,3.5485
2012-09-17,2.2486,3.5717
2012-09-18,2.3043,3.5216
2012-09-19,2.5378,3.5166
2012-09-20,2.7409,3.5171
2012-09-21,2.8622,3.4998
2012-09-24,2.9379,3.4956
2012-09-25,2.9779,3.4676
2012-09-26,2.4034,3.4444
2012-09-27,2.4179,3.4525
2012-09-28,2.3023,3.4575
2012-09-29,2.6114,3.4574
2012-10-08,2.7742,3.4814
2012-10-09,2.6189,3.4921
2012-10-10,2.3464,3.5036
2012-10-11,2.1957,3.499
2012-10-12,2.1804,3.4807
2012-10-15,1.9892,3.473
2012-10-16,2.0783,3.4903
2012-10-17,2.1271,3.5036
2012-10-18,2.109,3.519
2012-10-19,2.0623,3.535
2012-10-22,2.1212,3.5293
2012-10-23,2.1314,3.5454
2012-10-24,2.3522,3.5478
2012-10-25,2.3432,3.5672
2012-10-26,2.6728,3.5727
2012-10-29,2.9426,3.5668
2012-10-30,2.5317,3.5648
2012-10-31,2.419,3.5739
2012-11-01,2.5229,3.5984
2012-11-02,2.5101,3.5852
2012-11-05,2.5471,3.5872
2012-11-06,2.4819,3.5771
2012-11-07,2.5435,3.5644
2012-11-08,2.5619,3.5609
2012-11-09,2.6047,3.5594
2012-11-12,2.6045,3.5585
2012-11-13,2.5308,3.547
2012-11-14,2.4984,3.5356
2012-11-15,2.5178,3.5279
2012-11-16,2.5228,3.5133
2012-11-19,2.5051,3.501
2012-11-20,2.5063,3.5111
2012-11-21,2.5451,3.5205
2012-11-22,2.5532,3.5357
2012-11-23,2.553,3.5428
2012-11-26,2.4646,3.5511
2012-11-27,2.4744,3.557
2012-11-28,2.4005,3.5535
2012-11-29,2.3857,3.5311
2012-11-30,2.3415,3.5332
2012-12-03,2.3174,3.5397
2012-12-04,2.3275,3.5498
2012-12-05,2.3729,3.5622
2012-12-06,2.4046,3.558
2012-12-07,2.4356,3.5689
2012-12-10,2.4425,3.5707
2012-12-11,2.4887,3.5658
2012-12-12,2.4852,3.5666
2012-12-13,2.4722,3.5649
2012-12-14,2.391,3.5781
2012-12-17,2.4342,3.5814
2012-12-18,2.4498,3.5843
2012-12-19,2.4444,3.5942
2012-12-20,2.5634,3.6086
2012-12-21,2.5314,3.606
2012-12-24,2.5392,3.6009
2012-12-25,2.6535,3.5955
2012-12-26,2.6766,3.5925
2012-12-27,2.4447,3.5803
2012-12-28,2.4319,3.5752
2012-12-31,3.0744,3.5738
2013-01-04,2.5344,3.6062
2013-01-05,2.427,3.6003
2013-01-06,2.3814,3.595
2013-01-07,2.3641,3.5965
2013-01-08,2.3408,3.5943
2013-01-09,2.3282,3.575
2013-01-10,2.3269,3.595
2013-01-11,2.3357,3.5999
2013-01-14,2.255,3.6023
2013-01-15,2.2718,3.6008
2013-01-16,2.2207,3.6047
2013-01-17,2.1963,3.5986
2013-01-18,2.0914,3.5834
2013-01-21,2.084,3.5743
2013-01-22,2.0822,3.5705
2013-01-23,2.0779,3.5682
2013-01-24,2.1292,3.5816
2013-01-25,2.1704,3.5837
2013-01-28,2.085,3.6042
2013-01-29,2.1159,3.6116
2013-01-30,2.0967,3.6053
2013-01-31,2.2086,3.6054
2013-02-01,2.33,3.6004
2013-02-04,2.404,3.6016
2013-02-05,2.5688,3.591
2013-02-06,2.715,3.5922
2013-02-07,2.7341,3.5928
2013-02-08,2.3591,3.5859
2013-02-16,2.0527,3.5922
2013-02-17,1.9414,3.5847
2013-02-18,1.977,3.5929
2013-02-19,1.9899,3.5931
2013-02-20,2.0214,3.5632
2013-02-21,2.081,3.5623
2013-02-22,2.0864,3.5708
2013-02-25,2.1977,3.5821
2013-02-26,2.7297,3.5948
2013-02-27,2.8132,3.5904
2013-02-28,2.8834,3.5957
2013-03-01,2.9304,3.5878
2013-03-04,2.6073,3.5785
2013-03-05,2.4734,3.576
2013-03-06,2.4172,3.5802
2013-03-07,2.2933,3.5813
2013-03-08,2.2727,3.5816
2013-03-11,2.2054,3.583
2013-03-12,2.1607,3.5897
2013-03-13,2.1537,3.5898
2013-03-14,2.1517,3.5919
2013-03-15,2.1635,3.5919
2013-03-18,2.3366,3.5971
2013-03-19,2.2396,3.5922
2013-03-20,2.1539,3.5722
2013-03-21,2.1189,3.5819
2013-03-22,2.0576,3.5816
2013-03-25,2.0331,3.577
2013-03-26,2.0997,3.5717
2013-03-27,2.1313,3.5611
2013-03-28,2.1555,3.5505
2013-03-29,2.4982,3.5392
2013-04-01,2.2388,3.5303
2013-04-02,2.2508,3.5106
2013-04-03,2.2772,3.5005
2013-04-07,2.2256,3.4907
2013-04-08,2.2669,3.4905
2013-04-09,2.2568,3.4705
2013-04-10,2.2492,3.4624
2013-04-11,2.2186,3.4705
2013-04-12,2.1958,3.4655
2013-04-15,2.2052,3.4405
2013-04-16,2.1444,3.4005
2013-04-17,2.1397,3.4131
2013-04-18,2.2191,3.4431
2013-04-19,2.3414,3.4503
2013-04-22,2.3845,3.4867
2013-04-23,2.5325,3.4629
2013-04-24,2.6885,3.4498
2013-04-25,2.8079,3.4314
2013-04-26,2.8534,3.4313
2013-04-27,2.81,3.4311
2013-04-28,2.75,3.4314
2013-05-02,2.608,3.4119
2013-05-03,2.5417,3.4212
2013-05-06,2.5417,3.4354
2013-05-07,2.5587,3.4261
2013-05-08,2.5652,3.4345
2013-05-09,2.5812,3.4317
2013-05-10,2.5827,3.4212
2013-05-13,2.6267,3.4238
2013-05-14,2.6187,3.4248
2013-05-15,2.5617,3.4218
2013-05-16,2.7087,3.4219
2013-05-17,3.0088,3.4213
2013-05-20,3.4588,3.4253
2013-05-21,3.4538,3.4253
2013-05-22,3.3978,3.4153
2013-05-23,3.3768,3.413
2013-05-24,3.3368,3.4181
2013-05-27,3.1328,3.4166
2013-05-28,3.0875,3.4206
2013-05-29,2.8218,3.434
2013-05-30,2.8918,3.434
2013-05-31,3.1578,3.4399
2013-06-03,3.359,3.4478
2013-06-04,3.3326,3.4603
2013-06-05,3.4776,3.4615
2013-06-06,3.7637,3.4651
2013-06-07,4.8152,3.4822
2013-06-08,4.8197,3.4822
2013-06-09,4.4084,3.4491
2013-06-13,4.2494,3.4591
2013-06-14,4.209,3.4689
2013-06-17,4.3589,3.4785
2013-06-18,4.4545,3.4818
2013-06-19,4.8915,3.5516
2013-06-20,6.575,3.7016
2013-06-21,6.4661,3.6014
2013-06-24,5.6231,3.5999
2013-06-25,5.1389,3.5999
2013-06-26,4.8537,3.55
2013-06-27,4.6927,3.5231
2013-06-28,4.545,3.5125
2013-07-01,4.325,3.5245
2013-07-02,3.9396,3.5243
2013-07-03,3.7669,3.5302
2013-07-04,3.6645,3.5102
2013-07-05,3.4312,3.5127
2013-07-08,3.3144,3.5177
2013-07-09,3.3787,3.5202
2013-07-10,3.4576,3.5802
2013-07-11,3.4786,3.5902
2013-07-12,3.4962,3.6001
2013-07-15,3.5134,3.6102
2013-07-16,3.4421,3.619
2013-07-17,3.487,3.669
2013-07-18,3.4649,3.6903
2013-07-19,3.5239,3.7051
2013-07-22,3.5924,3.7401
2013-07-23,3.6124,3.7602
2013-07-24,3.7124,3.7952
2013-07-25,3.6824,3.7102
2013-07-26,3.592,3.7152
2013-07-29,3.622,3.7228
2013-07-30,3.562,3.7227
2013-07-31,3.542,3.7214
2013-08-01,3.502,3.7053
2013-08-02,3.392,3.7034
2013-08-05,3.4312,3.7104
2013-08-06,3.523,3.7153
2013-08-07,3.5025,3.7703
2013-08-08,3.5175,3.8455
2013-08-09,3.3975,3.8407
2013-08-12,3.3975,3.8513
2013-08-13,3.3775,3.9252
2013-08-14,3.3765,3.9516
2013-08-15,3.4221,3.9602
2013-08-16,3.4677,3.9401
2013-08-19,3.6502,4.0103
2013-08-20,3.9432,4.0881
2013-08-21,3.8052,4.0382
2013-08-22,3.7832,4.0302
2013-08-23,3.7332,3.9916
2013-08-26,3.7242,3.9555
2013-08-27,3.6912,3.9654
2013-08-28,3.6462,4.0222
2013-08-29,3.6202,4.03
2013-08-30,3.6222,4.0354
2013-09-02,3.4172,4.0356
2013-09-03,3.3402,4.0404
2013-09-04,3.3982,4.055
2013-09-05,3.3912,4.055
2013-09-06,3.3941,4.0455
2013-09-09,3.5081,4.055
2013-09-10,3.7721,4.065
2013-09-11,4.0481,4.1341
2013-09-12,4.1661,4.1291
2013-09-13,4.2208,4.1406
2013-09-16,4.1708,4.1201
2013-09-17,4.1708,4.0721
2013-09-18,4.1408,4.0502
2013-09-22,4.1408,3.9851
2013-09-23,4.1968,4.0095
2013-09-24,4.3017,4.0201
2013-09-25,4.2488,4.0202
2013-09-26,4.0278,3.9901
2013-09-27,4.0028,4.0002
2013-09-29,3.9728,4.0002
2013-09-30,3.9428,3.9954
2013-10-08,3.8208,3.9903
2013-10-09,3.8558,4.0316
2013-10-10,3.8558,4.0166
2013-10-11,3.8558,4.0265
2013-10-12,3.7608,4.0263
2013-10-14,3.8058,4.0663
2013-10-15,3.7988,4.0791
2013-10-16,3.7918,4.0966
2013-10-17,3.7848,4.0966
2013-10-18,3.6984,4.1055
2013-10-21,3.6388,4.1105
2013-10-22,3.6188,4.1305
2013-10-23,3.5988,4.1491
2013-10-24,4.1848,4.194
2013-10-25,4.1848,4.214
2013-10-28,4.1848,4.204
2013-10-29,4.134,4.2173
2013-10-30,4.0834,4.2173
2013-10-31,3.971,4.1806
2013-11-01,3.8894,4.1556
2013-11-04,3.5324,4.1731
2013-11-05,3.5824,4.2106
2013-11-06,3.6835,4.2206
2013-11-07,3.7885,4.2945
2013-11-08,3.8915,4.3186
2013-11-11,4.0835,4.4034
2013-11-12,3.9372,4.4146
2013-11-13,3.9872,4.4628
2013-11-14,4.0612,4.5006
2013-11-15,4.6852,4.6006
2013-11-18,5.1412,4.6619
2013-11-19,4.8572,4.6722
2013-11-20,4.9152,4.7222
2013-11-21,4.921,4.7009
2013-11-22,4.871,4.6509
2013-11-25,4.891,4.6159
2013-11-26,4.911,4.6059
2013-11-27,4.861,4.5511
2013-11-28,4.861,4.4313
2013-11-29,4.771,4.3612
2013-12-02,4.6948,4.4812
2013-12-03,4.6948,4.4412
2013-12-04,4.6498,4.4262
2013-12-05,4.5398,4.4962
2013-12-06,4.492,4.5162
2013-12-09,4.535,4.5413
2013-12-10,4.5574,4.6012
2013-12-11,4.5517,4.6213
2013-12-12,4.6017,4.5913
2013-12-13,4.5714,4.5411
2013-12-16,4.6502,4.5539
2013-12-17,4.7802,4.5639
2013-12-18,5.1202,4.5814
2013-12-19,5.2702,4.6016
2013-12-20,5.2702,4.6016
2013-12-23,5.3962,4.6017
2013-12-24,5.1707,4.5566
2013-12-25,5.0747,4.5666
2013-12-26,5.0547,4.5579
2013-12-27,4.9547,4.5437
2013-12-30,4.9547,4.5437
2013-12-31,4.7457,4.5518
2014-01-02,4.8457,4.6018
2014-01-03,5.1367,4.6415
2014-01-06,5.4107,4.6569
2014-01-07,5.2607,4.642
2014-01-08,4.9857,4.5919
2014-01-09,5.3177,4.5969
2014-01-10,4.9982,4.6016
2014-01-13,4.9482,4.597
2014-01-14,4.953,4.602
2014-01-15,4.953,4.5523
2014-01-16,4.904,4.5871
2014-01-17,5.175,4.5969
2014-01-20,5.383,4.5923
2014-01-21,5.338,4.5423
2014-01-22,4.861,4.5023
2014-01-23,4.719,4.4825
2014-01-24,4.719,4.5123
2014-01-26,4.897,4.4777
2014-01-27,4.732,4.4802
2014-01-28,5.035,4.5027
2014-01-29,4.894,4.5102
2014-01-30,3.9885,4.5019
2014-02-07,3.968,4.4781
2014-02-08,4.229,4.468
2014-02-10,4.217,4.4831
2014-02-11,4.126,4.4881
2014-02-12,4.018,4.4783
2014-02-13,3.997,4.4783
2014-02-14,3.861,4.4781
2014-02-17,3.833,4.5135
2014-02-18,3.7665,4.5385
2014-02-19,3.7622,4.5535
2014-02-20,3.588,4.5336
2014-02-21,3.544,4.5234
2014-02-24,3.336,4.4836
2014-02-25,3.316,4.4336
2014-02-26,3.2475,4.4496
2014-02-27,3.172,4.3896
2014-02-28,3.12,4.4276
2014-03-03,3.126,4.4576
2014-03-04,3.193,4.5026
2014-03-05,3.2261,4.5176
2014-03-06,3.2261,4.5145
2014-03-07,3.1531,4.5142
2014-03-10,3.1131,4.5043
2014-03-11,3.081,4.5125
2014-03-12,2.911,4.5024
2014-03-13,2.961,4.5024
2014-03-14,3.011,4.4924
2014-03-17,2.8406,4.482
2014-03-18,2.8448,4.5095
2014-03-19,3.0757,4.5095
2014-03-20,3.1827,4.5195
2014-03-21,3.2087,4.5044
2014-03-24,3.3352,4.5148
2014-03-25,3.4737,4.5192
2014-03-26,3.3287,4.4992
2014-03-27,3.4317,4.5109
2014-03-28,3.2627,4.5104
2014-03-31,3.1107,4.5004
2014-04-01,3.0937,4.4954
2014-04-02,3.0937,4.4904
2014-04-03,3.0937,4.4904
2014-04-04,3.0907,4.4904
2014-04-08,2.9307,4.4499
2014-04-09,2.8947,4.4771
2014-04-10,2.8687,4.4571
2014-04-11,2.9367,4.4521
2014-04-14,2.9153,4.4248
2014-04-15,2.8523,4.4001
2014-04-16,2.8486,4.3601
2014-04-17,2.8236,4.2749
2014-04-18,2.7247,4.2997
2014-04-21,2.5617,4.2997
2014-04-22,2.6027,4.2997
2014-04-23,2.7458,4.3297
2014-04-24,3.1147,4.3394
2014-04-25,3.0807,4.3294
2014-04-28,3.3947,4.3301
2014-04-29,3.3665,4.3202
2014-04-30,3.3275,4.3002
2014-05-04,3.2235,4.2902
2014-05-05,3.0025,4.3002
2014-05-06,2.8855,4.2803
2014-05-07,2.8265,4.2803
2014-05-08,2.7345,4.2303
2014-05-09,2.7175,4.1205
2014-05-12,2.6045,4.1205
2014-05-13,2.5615,4.1505
2014-05-14,2.512,4.1704
2014-05-15,2.5955,4.1915
2014-05-16,2.6345,4.1919
2014-05-19,2.6805,4.1708
2014-05-20,3.0395,4.177
2014-05-21,3.0445,4.177
2014-05-22,3.0475,4.177
2014-05-23,2.913,4.1574
2014-05-26,2.8838,4.1674
2014-05-27,2.782,4.1574
2014-05-28,2.7235,4.1457
2014-05-29,2.6605,4.1159
2014-05-30,2.6445,4.0714
2014-06-03,2.4995,4.0214
2014-06-04,2.7145,4.0114
2014-06-05,2.7452,4.0314
2014-06-06,2.8122,4.0614
2014-06-09,2.9392,4.0714
2014-06-10,2.9392,4.0614
2014-06-11,2.9412,4.0614
2014-06-12,3.0002,4.064
2014-06-13,2.9352,4.084
2014-06-16,2.9292,4.064
2014-06-17,2.8122,4.054
2014-06-18,3.0123,4.054
2014-06-19,3.2733,4.0408
2014-06-20,3.5453,4.0515
2014-06-23,3.6363,4.0515
2014-06-24,3.7483,4.0515
2014-06-25,3.6223,4.0557
2014-06-26,3.4153,4.0472
2014-06-27,3.3923,4.0485
2014-06-30,3.3843,4.0612
2014-07-01,3.3813,4.0812
2014-07-02,3.2713,4.1212
2014-07-03,2.8123,4.1503
2014-07-04,2.7433,4.1747
2014-07-07,2.7273,4.1212
2014-07-08,2.7263,4.1162
2014-07-09,2.7803,4.1276
2014-07-10,2.8348,4.1298
2014-07-11,2.9233,4.1198
2014-07-14,2.9933,4.1298
2014-07-15,3.0673,4.1571
2014-07-16,3.1423,4.2171
2014-07-17,3.2383,4.267
2014-07-18,3.3803,4.3019
2014-07-21,3.6803,4.3017
2014-07-22,3.7653,4.2717
2014-07-23,3.7913,4.2967
2014-07-24,3.6683,4.2967
2014-07-25,3.4103,4.2711
2014-07-28,3.3125,4.2713
2014-07-29,3.3151,4.2805
2014-07-30,3.4181,4.2905
2014-07-31,3.4741,4.2655
2014-08-01,3.4841,4.2569
2014-08-04,3.4291,4.253
2014-08-05,3.3801,4.2576
2014-08-06,3.3781,4.2463
2014-08-07,3.3851,4.2563
2014-08-08,3.3251,4.2712
2014-08-11,3.3901,4.2815
2014-08-12,3.3781,4.2815
2014-08-13,3.4441,4.255
2014-08-14,3.4571,4.21
2014-08-15,3.3981,4.2002
2014-08-18,3.5041,4.2153
2014-08-19,3.5571,4.2422
2014-08-20,3.4801,4.2523
2014-08-21,3.4321,4.2512
2014-08-22,3.4389,4.256
2014-08-25,3.4451,4.2524
2014-08-26,3.4661,4.2462
2014-08-27,3.4441,4.231
2014-08-28,3.3991,4.2254
2014-08-29,3.3801,4.2361
2014-09-01,3.3231,4.2405
2014-09-02,3.3621,4.249
2014-09-03,3.2991,4.264
2014-09-04,3.2361,4.2814
2014-09-05,3.2311,4.2928
2014-09-09,3.2841,4.2868
2014-09-10,3.3141,4.2934
2014-09-11,3.3465,4.2937
2014-09-12,3.4289,4.2793
2014-09-15,3.4949,4.2597
2014-09-16,3.5009,4.2634
2014-09-17,3.4569,4.2008
2014-09-18,3.5769,4.1438
2014-09-19,3.5269,4.031
2014-09-22,3.4912,4.011
2014-09-23,3.4922,3.9911
2014-09-24,3.5442,4.0425
2014-09-25,3.5423,4.0025
2014-09-26,3.5563,4.0092
2014-09-28,3.5513,4.0227
2014-09-29,3.4964,3.9925
2014-09-30,3.4884,3.9824
2014-10-08,3.5316,3.993
2014-10-09,3.5551,4.0014
2014-10-10,3.5816,4.0131
2014-10-11,3.6106,3.9965
2014-10-13,3.6626,3.9953
2014-10-14,3.5736,3.9015
2014-10-15,3.4764,3.8215
2014-10-16,3.4536,3.8116
2014-10-17,3.4446,3.811
2014-10-20,3.4206,3.7441
2014-10-21,3.3702,3.7323
2014-10-22,3.3702,3.7929
2014-10-23,3.3503,3.8108
2014-10-24,3.3174,3.8013
2014-10-27,3.317,3.7756
2014-10-28,3.3068,3.7424
2014-10-29,3.2668,3.7176
2014-10-30,3.2978,3.7688
2014-10-31,3.2958,3.7559
2014-11-03,3.2198,3.7007
2014-11-04,3.2018,3.6412
2014-11-05,3.1478,3.6117
2014-11-06,3.1618,3.6223
2014-11-07,3.1598,3.5631
2014-11-10,3.1818,3.5132
2014-11-11,3.1656,3.4981
2014-11-12,3.1208,3.556
2014-11-13,3.096,3.5924
2014-11-14,3.121,3.6466
2014-11-17,3.1166,3.6609
2014-11-18,3.1056,3.607
2014-11-19,3.1364,3.6154
2014-11-20,3.2574,3.6521
2014-11-21,3.2174,3.6514
2014-11-24,3.1724,3.4767
2014-11-25,3.2654,3.5216
2014-11-26,3.2244,3.5228
2014-11-27,3.2244,3.5243
2014-11-28,3.2245,3.5249
2014-12-01,3.2185,3.5145
2014-12-02,3.2155,3.5553
2014-12-03,3.1636,3.6238
2014-12-04,3.1281,3.6633
2014-12-05,3.1472,3.7759
2014-12-08,3.1736,3.7918
2014-12-09,3.3503,3.7532
2014-12-10,3.2479,3.7111
2014-12-11,3.2139,3.7282
2014-12-12,3.3266,3.7513
2014-12-15,3.3387,3.7815
2014-12-16,3.4392,3.7522
2014-12-17,3.6844,3.7377
2014-12-18,3.911,3.7614
2014-12-19,3.871,3.7106
2014-12-22,3.851,3.703
2014-12-23,3.841,3.6604
2014-12-24,3.7827,3.5975
2014-12-25,3.7327,3.6305
2014-12-26,3.7327,3.6339
2014-12-29,3.6627,3.6213
2014-12-30,3.6327,3.6213
2014-12-31,3.5818,3.6219
2015-01-04,3.6228,3.6285
2015-01-05,3.3578,3.6251
2015-01-06,3.3584,3.6353
2015-01-07,3.4463,3.6408
2015-01-08,3.4963,3.6415
2015-01-09,3.5163,3.6348
2015-01-12,3.5173,3.6371
2015-01-13,3.5223,3.5836
2015-01-14,3.4191,3.5411
2015-01-15,3.4171,3.5464
2015-01-16,3.3431,3.5017
2015-01-19,3.2782,3.475
2015-01-20,3.3347,3.4711
2015-01-21,3.3912,3.4672
2015-01-22,3.3572,3.4521
2015-01-23,3.3162,3.452
2015-01-26,3.1752,3.4341
2015-01-27,3.1516,3.4309
2015-01-28,3.1578,3.4767
2015-01-29,3.1307,3.4966
2015-01-30,3.185,3.5019
2015-02-02,3.223,3.4729
2015-02-03,3.2417,3.4533
2015-02-04,3.303,3.4589
2015-02-05,3.1512,3.4018
2015-02-06,3.144,3.4325
2015-02-09,3.144,3.4236
2015-02-10,3.15,3.4299
2015-02-11,3.163,3.3955
2015-02-12,3.174,3.3865
2015-02-13,3.1247,3.3552
2015-02-15,3.1546,3.3625
2015-02-16,3.1646,3.3374
2015-02-17,3.1646,3.3373
2015-02-25,3.2132,3.349
2015-02-26,3.216,3.3594
2015-02-27,3.2571,3.3745
2015-02-28,3.2572,3.3602
2015-03-02,3.2429,3.3883
2015-03-03,3.2729,3.4022
2015-03-04,3.2719,3.3869
2015-03-05,3.2699,3.4369
2015-03-06,3.3138,3.4753
2015-03-09,3.4314,3.4922
2015-03-10,3.5314,3.5228
2015-03-11,3.5071,3.4466
2015-03-12,3.5571,3.4412
2015-03-13,3.5054,3.4879
2015-03-16,3.5709,3.5301
2015-03-17,3.5709,3.5428
2015-03-18,3.6236,3.5519
2015-03-19,3.5746,3.5348
2015-03-20,3.5077,3.4958
2015-03-23,3.5375,3.4933
2015-03-24,3.5735,3.4841
2015-03-25,3.5077,3.5037
2015-03-26,3.58,3.544
2015-03-27,3.58,3.5678
2015-03-30,3.547,3.5849
2015-03-31,3.5895,3.6483
2015-04-01,3.4495,3.5997
2015-04-02,3.3254,3.5438
2015-04-03,3.296,3.572
2015-04-07,3.2276,3.5987
2015-04-08,3.2404,3.6938
2015-04-09,3.1205,3.704
2015-04-10,3.089,3.6947
2015-04-13,3.0291,3.6685
2015-04-14,3.0291,3.6211
2015-04-15,3.0291,3.5954
2015-04-16,3.1136,3.56
2015-04-17,3.0431,3.5627
2015-04-20,2.8934,3.4554
2015-04-21,2.7934,3.4055
2015-04-22,2.3366,3.4052
2015-04-23,2.3647,3.4151
2015-04-24,2.3822,3.4454
2015-04-27,2.3998,3.3952
2015-04-28,2.4174,3.3804
2015-04-29,2.435,3.4
2015-04-30,2.4358,3.3503
2015-05-04,2.3057,3.3804
2015-05-05,2.2775,3.4006
2015-05-06,2.2859,3.456
2015-05-07,2.3886,3.4401
2015-05-08,2.4258,3.3703
2015-05-11,2.1972,3.3752
2015-05-12,2.1878,3.4002
2015-05-13,2.1378,3.4002
2015-05-14,2.0378,3.3803
2015-05-15,1.8878,3.3907
2015-05-18,1.8378,3.4109
2015-05-19,1.8885,3.4311
2015-05-20,1.9864,3.4282
2015-05-21,1.9712,3.4257
2015-05-22,2.0717,3.416
2015-05-25,2.1031,3.431
2015-05-26,1.9674,3.5214
2015-05-27,1.9174,3.5055
2015-05-28,1.9538,3.5652
2015-05-29,1.9017,3.5954
2015-06-01,1.9611,3.6404
2015-06-02,1.9622,3.588
2015-06-03,1.9246,3.6111
2015-06-04,1.829,3.5912
2015-06-05,1.8768,3.5814
2015-06-08,1.819,3.5613
2015-06-09,1.7972,3.5565
2015-06-10,1.9172,3.5912
2015-06-11,1.758,3.6197
2015-06-12,1.7611,3.6226
2015-06-15,1.7912,3.6681
2015-06-16,1.6832,3.6099
2015-06-17,1.6929,3.6052
2015-06-18,1.8224,3.573
2015-06-19,2.0722,3.5825
2015-06-23,2.0422,3.6054
2015-06-24,2.3576,3.6079
2015-06-25,2.4715,3.6028
2015-06-26,2.4715,3.608
2015-06-29,2.3215,3.603
2015-06-30,1.9996,3.5976
2015-07-01,1.9996,3.6127
2015-07-02,2.0606,3.6223
2015-07-03,2.0206,3.5719
2015-07-06,1.9616,3.4917
2015-07-07,1.9276,3.4361
2015-07-08,1.8773,3.4307
2015-07-09,1.9456,3.4358
2015-07-10,2.0556,3.4885
2015-07-13,2.061,3.5014
2015-07-14,2.063,3.5341
2015-07-15,2.1042,3.5495
2015-07-16,2.1483,3.5208
2015-07-17,2.1016,3.5123
2015-07-20,2.0548,3.5009
2015-07-21,2.1556,3.5214
2015-07-22,2.0246,3.5145
2015-07-23,2.0506,3.4751
2015-07-24,1.9525,3.4602
2015-07-27,1.923,3.4602
2015-07-28,2.0067,3.4401
2015-07-29,1.9367,3.4302
2015-07-30,1.8386,3.4402
2015-07-31,1.8022,3.4752
2015-08-03,1.7557,3.47
2015-08-04,1.7557,3.47
2015-08-05,1.7689,3.4701
2015-08-06,1.7968,3.46
2015-08-07,1.8909,3.4553
2015-08-10,1.9796,3.4755
2015-08-11,1.9731,3.5256
2015-08-12,1.9578,3.5402
2015-08-13,1.9778,3.5153
2015-08-14,2.02,3.5052
2015-08-17,2.0894,3.5176
2015-08-18,2.0545,3.5126
2015-08-19,2.1618,3.5201
2015-08-20,2.2005,3.5051
2015-08-21,2.2305,3.4951
2015-08-24,2.2515,3.4701
2015-08-25,2.1335,3.4577
2015-08-26,2.1339,3.429
2015-08-27,2.1409,3.3902
2015-08-28,2.1819,3.3803
2015-08-31,2.5413,3.3252
2015-09-01,2.3569,3.3002
2015-09-02,2.3679,3.3002
2015-09-06,2.3569,3.3203
2015-09-07,2.2957,3.3353
2015-09-08,2.1554,3.3603
2015-09-09,2.0646,3.3478
2015-09-10,2.1046,3.3453
2015-09-11,2.1016,3.3404
2015-09-14,2.0837,3.3303
2015-09-15,2.137,3.3104
2015-09-16,2.187,3.3103
2015-09-17,2.1669,3.3204
2015-09-18,2.1269,3.3105
2015-09-21,2.2301,3.3204
2015-09-22,2.2801,3.3255
2015-09-23,2.2065,3.3354
2015-09-24,2.2907,3.318
2015-09-25,2.3407,3.3101
2015-09-28,2.2907,3.2906
2015-09-29,2.2537,3.2457
2015-09-30,2.2537,3.2362
2015-10-08,2.2547,3.2409
2015-10-09,2.2577,3.1486
2015-10-10,2.2577,3.1612
2015-10-12,2.2567,3.1488
2015-10-13,2.1932,3.1064
2015-10-14,2.1932,3.0414
2015-10-15,2.1932,3.0814
2015-10-16,2.1902,3.1216
2015-10-19,2.1912,3.1214
2015-10-20,2.1729,3.0615
2015-10-21,2.1729,3.0616
2015-10-22,2.2235,3.0516
2015-10-23,2.2285,3.04
2015-10-26,2.281,3.02
2015-10-27,2.2941,2.98
2015-10-28,2.2341,2.987
2015-10-29,2.2423,3.05
2015-10-30,2.2423,3.06
2015-11-02,2.2423,3.0525
2015-11-03,2.2423,3.08
2015-11-04,2.2508,3.1351
2015-11-05,2.2624,3.115
2015-11-06,2.2857,3.125
2015-11-09,2.3329,3.2099
2015-11-10,2.3334,3.2001
2015-11-11,2.3411,3.1226
2015-11-12,2.3629,3.1351
2015-11-13,2.3682,3.1251
2015-11-16,2.3682,3.1352
2015-11-17,2.3164,3.1252
2015-11-18,2.2664,3.1402
2015-11-19,2.2686,3.1402
2015-11-20,2.2686,3.1251
2015-11-23,2.2212,3.1302
2015-11-24,2.1912,3.1077
2015-11-25,2.1922,3.0853
2015-11-26,2.1645,3.0503
2015-11-27,2.1685,3.0603
2015-11-30,2.1745,3.0404
2015-12-01,2.1719,3.0504
2015-12-02,2.1552,3.0454
2015-12-03,2.2075,3.0304
2015-12-04,2.2075,3.0254
2015-12-07,2.2075,3.028
2015-12-08,2.2075,3.0005
2015-12-09,2.2575,2.9968
2015-12-10,2.2585,3.0018
2015-12-11,2.2785,2.9931
2015-12-14,2.3638,3.0306
2015-12-15,2.385,3.0157
2015-12-16,2.3704,3.0007
2015-12-17,2.3387,2.9857
2015-12-18,2.3651,2.9408
2015-12-21,2.2944,2.8811
2015-12-22,2.2452,2.861
2015-12-23,2.2874,2.846
2015-12-24,2.3265,2.801
2015-12-25,2.3251,2.8061
2015-12-28,2.2931,2.7961
2015-12-29,2.2893,2.8061
2015-12-30,2.1987,2.8261
2015-12-31,2.2017,2.8212
2016-01-04,2.2663,2.871
2016-01-05,2.2816,2.8911
2016-01-06,2.3264,2.8861
2016-01-07,2.2918,2.8511
2016-01-08,2.2966,2.8362
2016-01-11,2.2568,2.8187
2016-01-12,2.2257,2.7887
2016-01-13,2.2257,2.7237
2016-01-14,2.2243,2.7513
2016-01-15,2.2105,2.7464
2016-01-18,2.1975,2.7764
2016-01-19,2.2576,2.7964
2016-01-20,2.3666,2.8114
2016-01-21,2.3266,2.7914
2016-01-22,2.2518,2.7741
2016-01-25,2.3004,2.859
2016-01-26,2.2414,2.8616
2016-01-27,2.2092,2.9016
2016-01-28,2.2459,2.8866
2016-01-29,2.2024,2.8419
2016-02-01,2.191,2.8368
2016-02-02,2.2057,2.8818
2016-02-03,2.1208,2.8918
2016-02-04,2.2023,2.855
2016-02-05,2.1287,2.8535
2016-02-06,2.1868,2.8535
2016-02-14,2.1003,2.8221
2016-02-15,2.0899,2.8371
2016-02-16,2.0996,2.8376
2016-02-17,2.0977,2.8351
2016-02-18,2.1486,2.8351
2016-02-19,2.1418,2.8251
2016-02-22,2.1246,2.8426
2016-02-23,2.161,2.8451
2016-02-24,2.145,2.8676
2016-02-25,2.2475,2.8651
2016-02-26,2.2512,2.8551
2016-02-29,2.1994,2.8502
2016-03-01,2.0736,2.8527
2016-03-02,2.0408,2.8752
2016-03-03,2.0569,2.9002
2016-03-04,2.0861,2.8952
2016-03-07,2.0387,2.9303
2016-03-08,2.0582,2.9352
2016-03-09,1.9979,2.8928
2016-03-10,2.0226,2.8653
2016-03-11,2.0176,2.8453
2016-03-14,2.0019,2.8504
2016-03-15,2.0019,2.8404
2016-03-16,2.0014,2.8054
2016-03-17,2.0049,2.8154
2016-03-18,2.0049,2.8229
2016-03-21,2.0263,2.8305
2016-03-22,2.0333,2.8304
2016-03-23,2.0368,2.8307
2016-03-24,2.0817,2.8309
2016-03-25,2.0634,2.8311
2016-03-28,2.0674,2.8665
2016-03-29,2.0572,2.851
2016-03-30,2.0947,2.8362
2016-03-31,2.115,2.8419
2016-04-01,1.9842,2.8422
2016-04-05,1.9894,2.8637
2016-04-06,1.975,2.8689
2016-04-07,2.0154,2.9049
2016-04-08,2.0271,2.9158
2016-04-11,2.0405,2.9091
2016-04-12,2.0128,2.91
2016-04-13,2.0148,2.9271
2016-04-14,2.0148,2.9352
2016-04-15,2.0148,2.9151
2016-04-18,2.0148,2.9047
2016-04-19,2.0158,2.906
2016-04-20,2.025,2.9258
2016-04-21,2.0751,2.9208
2016-04-22,2.1632,2.9309
2016-04-25,2.1808,2.9362
2016-04-26,2.1455,2.9212
2016-04-27,2.1491,2.9108
2016-04-28,2.1668,2.8863
2016-04-29,2.132,2.8913
2016-05-03,2.125,2.889
2016-05-04,2.1497,2.8965
2016-05-05,2.1364,2.9017
2016-05-06,2.1238,2.9016
2016-05-09,2.1228,2.8818
2016-05-10,2.1009,2.9
2016-05-11,2.1179,2.9075
2016-05-12,2.0851,2.8975
2016-05-13,2.0892,2.905
2016-05-16,2.0927,2.9275
2016-05-17,2.0505,2.93
2016-05-18,2.0463,2.955
2016-05-19,2.1127,2.96
2016-05-20,2.1067,2.95
2016-05-23,2.1161,2.955
2016-05-24,2.0846,2.935
2016-05-25,2.0846,2.9401
2016-05-26,2.1136,2.9401
2016-05-27,2.1146,2.9451
2016-05-30,2.115,2.9776
2016-05-31,2.1031,2.9851
2016-06-01,2.1258,2.9952
2016-06-02,2.1226,3.0127
2016-06-03,2.1721,3.0152
2016-06-06,2.1864,3.0041
2016-06-07,2.1488,3.0071
2016-06-08,2.0951,3.0077
2016-06-12,2.0991,3.0053
2016-06-13,2.1163,2.9979
2016-06-14,2.075,2.9654
2016-06-15,2.0823,2.9604
2016-06-16,2.0723,2.9455
2016-06-17,2.0954,2.9379
2016-06-20,2.1138,2.9481
2016-06-21,2.1139,2.9405
2016-06-22,2.1353,2.9307
2016-06-23,2.1251,2.9307
2016-06-24,2.0864,2.8808
2016-06-27,2.1408,2.831
2016-06-28,2.1411,2.861
2016-06-29,2.1265,2.8586
2016-06-30,2.0997,2.8411
2016-07-01,2.0773,2.8038
2016-07-04,2.0836,2.8314
2016-07-05,2.0345,2.8514
2016-07-06,2.044,2.8365
2016-07-07,2.096,2.8066
2016-07-08,2.1066,2.8016
2016-07-11,2.1025,2.8268
2016-07-12,2.1487,2.8368
2016-07-13,2.1985,2.8494
2016-07-14,2.1465,2.8395
2016-07-15,2.1384,2.8271
2016-07-18,2.1309,2.8271
2016-07-19,2.0753,2.8197
2016-07-20,2.0686,2.7996
2016-07-21,2.0322,2.7806
2016-07-22,2.0089,2.7907
2016-07-25,2.0274,2.8068
2016-07-26,2.0625,2.7913
2016-07-27,2.0658,2.7967
2016-07-28,2.0493,2.7867
2016-07-29,2.0606,2.7768
2016-08-01,2.0402,2.783
2016-08-02,2.0934,2.7792
2016-08-03,2.0651,2.7718
2016-08-04,2.0593,2.7694
2016-08-05,2.0411,2.7534
2016-08-08,2.0954,2.7472
2016-08-09,2.0596,2.7125
2016-08-10,2.08,2.695
2016-08-11,2.085,2.6875
2016-08-12,2.0629,2.6701
2016-08-15,2.003,2.6401
2016-08-16,1.9527,2.6651
2016-08-17,1.9464,2.6901
2016-08-18,1.9551,2.6801
2016-08-19,1.972,2.7001
2016-08-22,1.9323,2.6801
2016-08-23,1.9518,2.7201
2016-08-24,1.9649,2.7301
2016-08-25,1.9835,2.7201
2016-08-26,1.9965,2.6927
2016-08-29,1.9862,2.7064
2016-08-30,1.9663,2.7527
2016-08-31,1.9936,2.7425
2016-09-01,1.9944,2.7452
2016-09-02,2.0077,2.7452
2016-09-05,1.9975,2.7503
2016-09-06,1.989,2.7628
2016-09-07,1.994,2.7853
2016-09-08,2.0179,2.7753
2016-09-09,2.0336,2.7678
2016-09-12,2.0437,2.7916
2016-09-13,2.0566,2.7654
2016-09-14,2.0839,2.7579
2016-09-18,2.0927,2.7655
2016-09-19,2.0713,2.7605
2016-09-20,2.0822,2.7431
2016-09-21,2.0996,2.7518
2016-09-22,2.0944,2.7456
2016-09-23,2.0496,2.7318
2016-09-26,2.0529,2.7157
2016-09-27,2.0985,2.7144
2016-09-28,2.0495,2.7244
2016-09-29,2.0036,2.7282
2016-09-30,1.9909,2.7258
2016-10-08,1.9782,2.7047
2016-10-09,1.9779,2.676
2016-10-10,1.9193,2.6735
2016-10-11,1.9388,2.6835
2016-10-12,1.9308,2.7098
2016-10-13,1.9241,2.701
2016-10-14,1.9098,2.6952
2016-10-17,1.9548,2.6904
2016-10-18,1.9368,2.6965
2016-10-19,1.9342,2.6664
2016-10-20,1.9258,2.6518
2016-10-21,1.9656,2.6451
2016-10-24,1.9279,2.6595
2016-10-25,1.9717,2.6859
2016-10-26,2.0143,2.72
2016-10-27,2.0012,2.7068
2016-10-28,1.9541,2.7027
2016-10-31,1.9802,2.7425
2016-11-01,2.0001,2.7375
2016-11-02,2.018,2.7372
2016-11-03,1.995,2.7301
2016-11-04,2.0005,2.7339
2016-11-07,1.9929,2.7475
2016-11-08,2.0212,2.7634
2016-11-09,1.9963,2.7651
2016-11-10,2.0229,2.7926
2016-11-11,2.0054,2.815
2016-11-14,2.0146,2.8577
2016-11-15,2.0268,2.8501
2016-11-16,1.9789,2.8652
2016-11-17,1.9666,2.9055
2016-11-18,1.9952,2.8901
2016-11-21,2.0335,2.8851
2016-11-22,2.0353,2.8689
2016-11-23,2.0425,2.8451
2016-11-24,2.0698,2.8502
2016-11-25,2.0637,2.865
2016-11-28,2.0785,2.8502
2016-11-29,2.1438,2.8906
2016-11-30,2.2977,2.9502
2016-12-01,2.4105,2.9893
2016-12-02,2.3564,2.9895
2016-12-05,2.3428,3.0302
2016-12-06,2.3716,3.1151
2016-12-07,2.358,3.0877
2016-12-08,2.2998,3.0753
2016-12-09,2.3574,3.0853
2016-12-12,2.3701,3.1458
2016-12-13,2.3283,3.1863
2016-12-14,2.4976,3.2186
2016-12-15,2.599,3.3315
2016-12-16,2.6793,3.2803
2016-12-19,3.016,3.3316
2016-12-20,3.156,3.3739
2016-12-21,2.9531,3.2815
2016-12-22,2.9494,3.1908
2016-12-23,2.8775,3.1769
2016-12-26,2.8335,3.1551
2016-12-27,2.8035,3.1628
2016-12-28,2.8118,3.1223
2016-12-29,2.7037,3.0471
2016-12-30,2.4657,3.0115
2016-12-31,2.4657,3.0115
2017-01-03,2.4852,3.1054
2017-01-04,2.4796,3.1823
2017-01-05,2.4602,3.2086
2017-01-06,2.4886,3.1953
2017-01-09,2.4934,3.1692
2017-01-10,2.5046,3.1792
2017-01-11,2.4163,3.2055
2017-01-12,2.4272,3.1888
2017-01-13,2.3667,3.2022
2017-01-16,2.3258,3.2496
2017-01-17,2.4527,3.2692
2017-01-18,2.5058,3.2682
2017-01-19,2.5572,3.2584
2017-01-20,2.5065,3.2439999999999998
2017-01-22,2.4883,3.255
2017-01-23,2.4819999999999998,3.2429
2017-01-24,2.4196,3.2837
2017-01-25,2.3552,3.3463
2017-01-26,2.3724,3.3465
2017-02-03,2.3477,3.4214
2017-02-04,2.3623,3.4099
2017-02-06,2.3797,3.4905
2017-02-07,2.4374,3.4866
2017-02-08,2.4305,3.4591
2017-02-09,2.4007,3.4148
2017-02-10,2.4287,3.4368
2017-02-13,2.4383,3.4192
2017-02-14,2.403,3.4107
2017-02-15,2.4073,3.4058
2017-02-16,2.3814,3.3559
2017-02-17,2.4623,3.3311
2017-02-20,2.4465,3.2812
2017-02-21,2.4484,3.3013
2017-02-22,2.4905,3.2839
2017-02-23,2.4934,3.2714
2017-02-24,2.5172,3.2916
2017-02-27,2.5478,3.2871
2017-02-28,2.5634,3.2921
2017-03-01,2.5823,3.3252
2017-03-02,2.5991,3.3483
2017-03-03,2.5491,3.3573
2017-03-06,2.5549,3.3615
2017-03-07,2.5694,3.3643
2017-03-08,2.5199,3.4088
2017-03-09,2.4473,3.4151
2017-03-10,2.539,3.4156
2017-03-13,2.5471,3.3851
2017-03-14,2.475,3.3653
2017-03-15,2.5109,3.3524
2017-03-16,2.5729,3.3097
2017-03-17,2.6304,3.3124
2017-03-20,2.585,3.3141
2017-03-21,2.675,3.3141
2017-03-22,2.8339999999999996,3.3068
2017-03-23,2.7453,3.3034
2017-03-24,2.7993,3.2529
2017-03-27,2.8055,3.2451
2017-03-28,2.8115,3.2626
2017-03-29,2.8663,3.2695
2017-03-30,2.8853,3.2889999999999997
2017-03-31,2.8531,3.2828
2017-04-01,2.7957,3.273
2017-04-05,2.8511,3.3102
2017-04-06,2.8529,3.3109
2017-04-07,2.8114,3.2966
2017-04-10,2.779,3.3166
2017-04-11,2.7174,3.3209
2017-04-12,2.7104,3.3283
2017-04-13,2.7107,3.322
2017-04-14,2.5957,3.3599
2017-04-17,2.6507,3.4160000000000004
2017-04-18,2.633,3.4064
2017-04-19,2.6069,3.4065
2017-04-20,2.6630000000000003,3.424
2017-04-21,2.6136,3.4614
2017-04-24,2.6072,3.4991
2017-04-25,2.5929,3.4568
2017-04-26,2.5385,3.4519
2017-04-27,2.5523,3.4494
2017-04-28,2.6382,3.4668
2017-05-02,2.6528,3.487
2017-05-03,2.6983,3.5219
2017-05-04,2.7111,3.5517
2017-05-05,2.7773,3.5592
2017-05-08,2.7483,3.6042
2017-05-09,2.7193,3.6325
2017-05-10,2.7843,3.69
2017-05-11,2.7671,3.64
2017-05-12,2.7322,3.6525
2017-05-15,2.7001,3.61
2017-05-16,2.7281,3.6225
2017-05-17,2.6561,3.6275
2017-05-18,2.7032,3.6075
2017-05-19,2.7089999999999996,3.625
2017-05-22,2.7128,3.6601
2017-05-23,2.7339,3.6725
2017-05-24,2.7077,3.6601
2017-05-25,2.737,3.6476
2017-05-26,2.6976,3.6501
2017-05-27,2.7257,3.6499
2017-05-31,2.806,3.6102
2017-06-01,2.8045,3.6152
2017-06-02,2.8625,3.6277
2017-06-05,2.8856,3.6152
2017-06-06,2.9983,3.6328
2017-06-07,3.0404,3.6427
2017-06-08,3.1252,3.6478
2017-06-09,3.2303,3.6303
2017-06-12,3.1748,3.5841
2017-06-13,3.2602,3.5754
2017-06-14,3.3315,3.5354
2017-06-15,3.427,3.5554
2017-06-16,3.4448,3.568
2017-06-19,3.4791,3.5006
2017-06-20,3.4767,3.4881
2017-06-21,3.4659,3.5406
2017-06-22,3.4405,3.5607
2017-06-23,3.3667,3.5457
2017-06-26,3.3393,3.5134
2017-06-27,3.2891,3.5084
2017-06-28,3.1374,3.5333
2017-06-29,3.0808,3.5483
2017-06-30,3.0548,3.5683
2017-07-03,3.1165,3.6033
2017-07-04,3.1158,3.6009
2017-07-05,3.1268,3.576
2017-07-06,3.1026,3.5660000000000003
2017-07-07,3.0860000000000003,3.5897
2017-07-10,3.0496,3.5911
2017-07-11,3.03,3.5836
2017-07-12,3.0715,3.5749
2017-07-13,2.9803,3.5643
2017-07-14,2.9793,3.5637
2017-07-17,2.9157,3.5626
2017-07-18,3.0436,3.5851
2017-07-19,2.9824,3.5901
2017-07-20,2.9598,3.574
2017-07-21,2.8982,3.5829
2017-07-24,2.8556,3.5769
2017-07-25,2.9442,3.592
2017-07-26,2.9378,3.617
2017-07-27,2.9328,3.6021
2017-07-28,2.9297,3.6034
2017-07-31,2.917,3.6260000000000003
2017-08-01,2.8754,3.6373
2017-08-02,2.8159,3.6311
2017-08-03,2.7458,3.6262
2017-08-04,2.5822,3.6262
2017-08-07,2.4391,3.6626
2017-08-08,2.3891,3.6538
2017-08-09,2.366,3.66
2017-08-10,2.3484,3.6375
2017-08-11,2.3601,3.6163
2017-08-14,2.334,3.5925
2017-08-15,2.3941,3.5801
2017-08-16,2.3942,3.5988
2017-08-17,2.5154,3.5926
2017-08-18,2.4748,3.5951
2017-08-21,2.4863,3.6181
2017-08-22,2.5937,3.6201
2017-08-23,2.4989,3.6152
2017-08-24,2.417,3.6252
2017-08-25,2.4251,3.6327
2017-08-28,2.4519,3.6502
2017-08-29,2.6714,3.6303
2017-08-30,2.8174,3.6303
2017-08-31,2.8623,3.6265
2017-09-01,2.9061,3.6353
2017-09-04,2.8337,3.6454
2017-09-05,2.8273,3.6641
2017-09-06,2.8668,3.6554
2017-09-07,2.8365,3.6155
2017-09-08,2.8892,3.6005
2017-09-11,2.9164,3.6156
2017-09-12,2.9427,3.6181
2017-09-13,2.9439,3.6356
2017-09-14,2.9557,3.5982
2017-09-15,3.0139,3.5982
2017-09-18,3.0052,3.622
2017-09-19,3.0285,3.6158
2017-09-20,3.0807,3.6209
2017-09-21,3.0761,3.6334
2017-09-22,3.0611,3.6209
2017-09-25,3.0905,3.5985
2017-09-26,3.1889,3.6172
2017-09-27,3.2663,3.6235
2017-09-28,3.3995,3.6136
2017-09-29,3.2505,3.6136
2017-09-30,3.2455,3.6136
2017-10-09,3.1651,3.6477
2017-10-10,3.2386,3.647
2017-10-11,3.1784,3.654
2017-10-12,3.1256,3.6765
2017-10-13,2.9858,3.674
2017-10-16,2.9549,3.7054
2017-10-17,2.9045,3.7409
2017-10-18,2.9315,3.7366
2017-10-19,2.9144,3.7167
2017-10-20,2.8919,3.7217
2017-10-23,2.8633,3.7231
2017-10-24,2.8680000000000003,3.722
2017-10-25,2.9041,3.7768
2017-10-26,2.9064,3.7769
2017-10-27,2.8987,3.8266
2017-10-30,2.9806,3.9115
2017-10-31,3.16,3.8917
2017-11-01,3.08,3.863
2017-11-02,2.9886,3.8718
2017-11-03,3.0052,3.8816
2017-11-06,3.0086,3.8694
2017-11-07,3.0127,3.8813
2017-11-08,2.9984,3.8725
2017-11-09,2.9925,3.8863
2017-11-10,2.9958,3.9
2017-11-13,3.0854,3.95
2017-11-14,3.1018,3.9525
2017-11-15,3.0871,3.95
2017-11-16,3.0875,3.9225
2017-11-17,2.9956,3.92
2017-11-20,3.0235,3.94
2017-11-21,3.0478,3.95
2017-11-22,3.1002,3.985
2017-11-23,3.2225,3.9851
2017-11-24,3.2014,3.9463
2017-11-27,3.111,3.9501
2017-11-28,3.2063,3.9601
2017-11-29,3.085,3.9101
2017-11-30,3.0117,3.8901
2017-12-01,2.9097,3.8852
2017-12-04,2.9097,3.8902
2017-12-05,2.8882,3.8752
2017-12-06,3.0276,3.8752
2017-12-07,2.9122,3.8927
2017-12-08,3.056,3.9102
2017-12-11,3.1789,3.9303
2017-12-12,3.5089,3.9378
2017-12-13,3.5273,3.9303
2017-12-14,3.5601,3.9104
2017-12-15,3.5325,3.8904
2017-12-18,3.6319999999999997,3.8904
2017-12-19,3.7208,3.9005
2017-12-20,3.7938,3.9005
2017-12-21,4.081,3.9005
2017-12-22,3.9816,3.878
2017-12-25,3.9821,3.8731
2017-12-26,4.0687,3.8881
2017-12-27,4.1328,3.8956
2017-12-28,4.2713,3.8857
2017-12-29,4.1501,3.8807
2017-12-30,4.1501,3.8807
2017-12-31,4.1501,3.8807
2018-01-02,3.5118,3.9008
2018-01-03,3.4274,3.9162
2018-01-04,3.2802,3.9319
2018-01-05,2.9845,3.9212
2018-01-08,3.0308,3.911
2018-01-09,2.9731,3.8909
2018-01-10,3.0633,3.9201
2018-01-11,3.0733,3.9546
2018-01-12,3.0995,3.9337
2018-01-15,3.1456,3.965
2018-01-16,3.1337,3.9596
2018-01-17,3.1466,3.9597
2018-01-18,3.1466,3.9797
2018-01-19,3.1648,3.9754
2018-01-22,3.0965,3.9522
2018-01-23,3.062,3.9414
2018-01-24,2.8944,3.9507
2018-01-25,2.792,3.9435
2018-01-26,2.7947,3.9365
2018-01-29,2.8272,3.9368
2018-01-30,2.8282,3.9292
2018-01-31,2.8983,3.914
2018-02-01,2.8266,3.9066
2018-02-02,2.7508,3.9092
2018-02-05,2.75,3.9167
2018-02-06,2.7273,3.8825
2018-02-07,2.6902,3.87
2018-02-08,2.6869,3.8801
2018-02-09,2.6682,3.88
2018-02-11,2.6829,3.8775
2018-02-12,2.6832,3.875
2018-02-13,2.7155,3.87
2018-02-14,2.6604,3.8702
2018-02-22,2.6854,3.8752
2018-02-23,2.6104,3.8702
2018-02-24,2.6073,3.8652
2018-02-26,2.6477,3.8452
2018-02-27,2.632,3.8201
2018-02-28,2.7262,3.8202
2018-03-01,2.8186,3.8201
2018-03-02,2.9318,3.8352
2018-03-05,2.9369,3.8453
2018-03-06,2.978,3.8253
2018-03-07,3.0006,3.8203
2018-03-08,3.0382,3.8203
2018-03-09,3.1103,3.8278
2018-03-12,3.1105,3.8243
2018-03-13,3.0752,3.8362
2018-03-14,2.993,3.8413
2018-03-15,2.9933,3.8257
2018-03-16,2.9825,3.8154
2018-03-19,2.9608,3.8104
2018-03-20,2.99,3.7906
2018-03-21,3.0016,3.763
2018-03-22,3.049,3.748
2018-03-23,2.9692,3.7005
2018-03-26,2.994,3.7307
2018-03-27,2.9859,3.7432
2018-03-28,2.9876,3.7406
2018-03-29,3.0062,3.7456
2018-03-30,3.0921,3.7407
2018-04-02,3.057,3.7357
2018-04-03,2.8993,3.7507
2018-04-04,2.7951,3.7234
2018-04-08,2.7951,3.7008
2018-04-09,2.7951,3.6959
2018-04-10,2.5929,3.7159
2018-04-11,2.5997,3.7109
2018-04-12,2.5673,3.7109
2018-04-13,2.5617,3.7062
2018-04-16,2.4925,3.6561
2018-04-17,2.5443,3.6512
2018-04-18,2.4774,3.5013
2018-04-19,2.6057,3.5064
2018-04-20,2.9235,3.5215
2018-04-23,2.8846,3.6019
2018-04-24,3.4121,3.5855
2018-04-25,3.0543,3.6118
2018-04-26,3.1382,3.6344
2018-04-27,3.392,3.6364
2018-04-28,3.26,3.6217
2018-05-02,3.2062,3.6665
2018-05-03,2.9012,3.6467
2018-05-04,2.8625,3.6319
2018-05-07,2.7535,3.6518
2018-05-08,2.4617,3.6922
2018-05-09,2.4365,3.7074
2018-05-10,2.4265,3.6924
2018-05-11,2.497,3.6882
2018-05-14,2.5442,3.6937
2018-05-15,2.599,3.7151
2018-05-16,2.6227,3.7076
2018-05-17,2.5032,3.712
2018-05-18,2.475,3.7099
2018-05-21,2.474,3.6939
2018-05-22,2.4483,3.67
2018-05-23,2.5385,3.64
2018-05-24,2.4995,3.6501
2018-05-25,2.6433,3.6126
2018-05-28,2.7213,3.6101
2018-05-29,2.7317,3.6001
2018-05-30,2.9017,3.5976
2018-05-31,2.8877,3.6129
2018-06-01,2.9998,3.6202
2018-06-04,2.9987,3.6532
2018-06-05,2.9871,3.6602
2018-06-06,2.9871,3.6602
2018-06-07,3.0872,3.6702
2018-06-08,3.0872,3.6453
2018-06-11,3.0052,3.6502
2018-06-12,2.9452,3.6853
2018-06-13,2.9274,3.6627
2018-06-14,2.9935,3.6227
2018-06-15,2.9935,3.6028
2018-06-19,2.955,3.5603
2018-06-20,3.0504,3.6054
2018-06-21,2.961,3.5753
2018-06-22,3.1435,3.5604
2018-06-25,3.1952,3.5803
2018-06-26,3.0533,3.5804
2018-06-27,3.0533,3.5529
2018-06-28,3.0578,3.5304
2018-06-29,3.0317,3.4756
2018-07-02,2.7019,3.4668
2018-07-03,2.5668,3.4955
2018-07-04,2.5211,3.5107
2018-07-05,2.3507,3.5005
2018-07-06,2.2257,3.5259
2018-07-09,2.2519,3.5432
2018-07-10,2.2354,3.5431
2018-07-11,2.1827,3.5107
2018-07-12,2.0917,3.5158
2018-07-13,2.2203,3.4858
2018-07-16,2.2223,3.4808
2018-07-17,2.2123,3.4808
2018-07-18,2.2112,3.4708
2018-07-19,2.1788,3.4409
2018-07-20,2.1974,3.5135
2018-07-23,2.1764,3.5186
2018-07-24,2.1943,3.5615
2018-07-25,2.1289,3.5614
2018-07-26,2.0775,3.5361
2018-07-27,1.9859,3.5212
2018-07-30,2.0326,3.5213
2018-07-31,2.0432,3.4812
2018-08-01,2.0452,3.4638
2018-08-02,2.0487,3.4713
2018-08-03,1.995,3.4567
2018-08-06,1.8833,3.4568
2018-08-07,1.8596,3.4876
2018-08-08,1.785,3.5222
2018-08-09,1.8439,3.5476
2018-08-10,1.844,3.5525
2018-08-13,1.89,3.5826
2018-08-14,1.9072,3.5519
2018-08-15,1.9252,3.5829
2018-08-16,1.9435,3.6141
2018-08-17,2.005,3.6524
2018-08-20,2.0741,3.6326
2018-08-21,2.0541,3.63
2018-08-22,2.0396,3.6075
2018-08-23,1.9933,3.6101
2018-08-24,1.9563,3.6278
2018-08-27,1.9693,3.6303
2018-08-28,1.9636,3.6101
2018-08-29,1.9877,3.6101
2018-08-30,1.9727,3.5801
2018-08-31,1.9657,3.5751
2018-09-03,1.9617,3.5951
2018-09-04,1.9517,3.6101
2018-09-05,1.9417,3.6101
2018-09-06,2.0217,3.6101
2018-09-07,2.1034,3.6301
2018-09-10,2.1126,3.6551
2018-09-11,2.159,3.6751
2018-09-12,2.16,3.6551
2018-09-13,2.1993,3.6526
2018-09-14,2.1975,3.6351
2018-09-17,2.0696,3.6327
2018-09-18,2.0872,3.6452
2018-09-19,2.0655,3.6727
2018-09-20,2.0066,3.7003
2018-09-21,2.0657,3.6752
2018-09-25,2.0277,3.6754
2018-09-26,1.9855,3.6503
2018-09-27,2.099,3.6253
2018-09-28,2.1326,3.6153
2018-09-29,2.1346,3.6104
2018-09-30,2.1346,3.6103
2018-10-08,2.0305,3.6155
2018-10-09,1.8792,3.6156
2018-10-10,1.8046,3.6156
2018-10-11,1.8005,3.5806
2018-10-12,1.8005,3.5831
2018-10-15,1.8418,3.5857
2018-10-16,1.895,3.5757
2018-10-17,1.8837,3.5807
2018-10-18,1.8837,3.5508
2018-10-19,1.8815,3.5658
2018-10-22,1.8309,3.591
2018-10-23,1.8119,3.5709
2018-10-24,1.8341,3.5409
2018-10-25,1.8402,3.5409
2018-10-26,1.8696,3.541
2018-10-29,1.8686,3.5111
2018-10-30,1.8577,3.5161
2018-10-31,1.8899,3.5086
2018-11-01,1.905,3.4936
2018-11-02,1.9449,3.5461
2018-11-05,2.0013,3.5312
2018-11-06,1.9697,3.5113
2018-11-07,1.9717,3.4813
2018-11-08,1.9775,3.4813
2018-11-09,1.9775,3.4763
2018-11-12,2.0001,3.4865
2018-11-13,2.0001,3.474
2018-11-14,1.9252,3.4218
2018-11-15,1.9046,3.3915
2018-11-16,1.9288,3.3515
2018-11-19,2.0887,3.3772
2018-11-20,2.0915,3.3771
2018-11-21,2.0852,3.3716
2018-11-22,2.0194,3.3917
2018-11-23,1.9557,3.3917
2018-11-26,1.9443,3.4151
2018-11-27,1.8801,3.4
2018-11-28,1.8718,3.37
2018-11-29,1.8706,3.36
2018-11-30,2.2506,3.355
2018-12-03,2.1171,3.35
2018-12-04,2.1255,3.305
2018-12-05,2.0887,3.275
2018-12-06,2.1899,3.2751
2018-12-07,2.2058,3.2853
2018-12-10,2.2695,3.2678
2018-12-11,2.2889,3.2652
2018-12-12,2.3715,3.2703
2018-12-13,2.3978,3.3311
2018-12-14,2.4137,3.3468
2018-12-17,2.4393,3.3713
2018-12-18,2.4205,3.3714
2018-12-19,2.4637,3.3412
2018-12-20,2.4364,3.3003
2018-12-21,2.4029,3.3168
2018-12-24,2.5813,3.3483
2018-12-25,2.7724,3.3113
2018-12-26,2.9885,3.3011
2018-12-27,2.9779,3.2709
2018-12-28,2.4096,3.2315
2018-12-29,2.3896,3.2265
2018-12-30,2.3896,3.2265
2018-12-31,2.3896,3.2265
2019/01/02,2.3345,3.1734
2019/01/03,2.3087,3.141
2019/01/04,2.2738,3.1513
2019/01/07,2.2313,3.1507
2019/01/08,2.1341,3.1211
2019/01/09,2.2269,3.1106
2019/01/10,2.1877,3.1006
2019/01/11,2.2289,3.1058
2019/01/14,2.2543,3.1297
2019/01/15,2.2941,3.1383
2019/01/16,2.3113,3.0745
2019/01/17,2.2986,3.076
2019/01/18,2.2736,3.091
2019/01/21,2.3442,3.1037
2019/01/22,2.3315,3.1071
2019/01/23,2.3153,3.1189999999999998
2019/01/24,2.3162,3.1338
2019/01/25,2.3077,3.1398
2019/01/28,2.2291,3.1397
2019/01/29,2.2172,3.1246
2019/01/30,2.1493,3.1151
2019/01/31,2.1493,3.1037
2019/02/01,2.1493,3.1032
2019/02/02,2.1493,3.0978
2019/02/03,2.1383,3.0967
2019/02/11,2.1153,3.0669999999999997
2019/02/12,1.9788,3.0748
2019/02/13,1.9552,3.0719
2019/02/14,1.9453,3.0726
2019/02/15,1.9171,3.0794
2019/02/18,1.9808,3.1094
2019/02/19,1.9808,3.1279
2019/02/20,1.932,3.1196
2019/02/21,1.932,3.1361
2019/02/22,1.9822,3.1451
2019/02/25,1.9887,3.1787
2019/02/26,2.1241,3.1878
2019/02/27,2.0766,3.1689
2019/02/28,2.0142,3.1731
2019/03/01,1.8672,3.187
2019/03/04,1.8665,3.2023
2019/03/05,1.8213,3.2149
2019/03/06,1.8106,3.2021
2019/03/07,1.8442,3.1572
2019/03/08,1.9344,3.1423
2019/03/11,1.8988,3.1374
2019/03/12,1.9381,3.1424
2019/03/13,1.9474,3.1375
2019/03/14,1.9769999999999999,3.1475
2019/03/15,2.0161,3.1376
2019/03/18,2.0171,3.1377
2019/03/19,2.1983,3.1377
2019/03/20,2.206,3.1453
2019/03/21,2.2,3.1291
2019/03/22,2.439,3.108
2019/03/25,2.3833,3.0831
2019/03/26,2.3951,3.0633
2019/03/27,2.4292,3.0882
2019/03/28,2.4112,3.0634
2019/03/29,2.3421,3.0683
