,1m
2006-03-01,1.7582
2006-03-02,1.7854
2006-03-03,1.7362
2006-03-06,1.825
2006-03-07,1.7618
2006-03-08,1.7637
2006-03-09,1.7562
2006-03-10,1.7667
2006-03-13,1.7792
2006-03-14,1.7917
2006-03-15,1.8167
2006-03-16,1.8292
2006-03-17,1.8042
2006-03-20,1.8292
2006-03-21,1.8167
2006-03-22,1.7728
2006-03-23,1.8125
2006-03-24,1.7875
2006-03-27,1.752
2006-03-28,1.7604
2006-03-29,1.7548
2006-03-30,1.6991
2006-03-31,1.6901
2006-04-03,1.6796
2006-04-04,1.6831
2006-04-05,1.69
2006-04-06,1.681
2006-04-07,1.66
2006-04-10,1.66
2006-04-11,1.684
2006-04-12,1.708
2006-04-13,1.8027
2006-04-14,1.7967
2006-04-17,1.8187
2006-04-18,1.8425
2006-04-19,1.8733
2006-04-20,1.8713
2006-04-21,1.8822
2006-04-24,1.8891
2006-04-25,1.897
2006-04-26,1.8892
2006-04-27,1.9232
2006-04-28,1.9122
2006-04-29,1.9447
2006-04-30,1.9309
2006-05-08,1.933
2006-05-09,1.9213
2006-05-10,1.9213
2006-05-11,1.9612
2006-05-12,1.9729
2006-05-15,1.9929
2006-05-16,1.9839
2006-05-17,1.9661
2006-05-18,1.9653
2006-05-19,1.947
2006-05-22,1.9617
2006-05-23,1.9745
2006-05-24,1.9708
2006-05-25,1.9598
2006-05-26,1.9745
2006-05-29,1.9855
2006-05-30,1.9983
2006-05-31,2.0066
2006-06-01,2.0122
2006-06-02,2.0312
2006-06-05,2.0533
2006-06-06,2.079
2006-06-07,2.1138
2006-06-08,2.1193
2006-06-09,2.1116
2006-06-12,2.1102
2006-06-13,2.1102
2006-06-14,2.112
2006-06-15,2.1303
2006-06-16,2.1285
2006-06-19,2.1542
2006-06-20,2.1725
2006-06-21,2.1963
2006-06-22,2.2056
2006-06-23,2.2027
2006-06-26,2.1963
2006-06-27,2.1743
2006-06-28,2.2472
2006-06-29,2.2484
2006-06-30,2.2415
2006-07-03,2.2237
2006-07-04,2.2183
2006-07-05,2.2278
2006-07-06,2.2183
2006-07-07,2.2065
2006-07-10,2.1952
2006-07-11,2.1839
2006-07-12,2.1795
2006-07-13,2.1699
2006-07-14,2.2077
2006-07-17,2.2067
2006-07-18,2.177
2006-07-19,2.2303
2006-07-20,2.2314
2006-07-21,2.2407
2006-07-24,2.3252
2006-07-25,2.407
2006-07-26,2.5445
2006-07-27,2.5416
2006-07-28,2.5368
2006-07-31,2.5457
2006-08-01,2.5392
2006-08-02,2.5482
2006-08-03,2.5386
2006-08-04,2.5362
2006-08-07,2.5207
2006-08-08,2.526
2006-08-09,2.5166
2006-08-10,2.5576
2006-08-11,2.6007
2006-08-14,2.6411
2006-08-15,2.6781
2006-08-16,2.6997
2006-08-17,2.6748
2006-08-18,2.6854
2006-08-21,2.7186
2006-08-22,2.7025
2006-08-23,2.6889
2006-08-24,2.702
2006-08-25,2.691
2006-08-28,2.6123
2006-08-29,2.5649
2006-08-30,2.5176
2006-08-31,2.5199
2006-09-01,2.529
2006-09-04,2.5373
2006-09-05,2.5062
2006-09-06,2.5089
2006-09-07,2.475
2006-09-08,2.4397
2006-09-11,2.4183
2006-09-12,2.3871
2006-09-13,2.3817
2006-09-14,2.398
2006-09-15,2.3842
2006-09-18,2.3787
2006-09-19,2.3276
2006-09-20,2.3106
2006-09-21,2.327
2006-09-22,2.5012
2006-09-25,2.507
2006-09-26,2.5587
2006-09-27,2.6067
2006-09-28,2.6546
2006-09-29,2.6872
2006-09-30,2.6872
2006-10-08,2.6736
2006-10-09,2.7678
2006-10-10,2.7492
2006-10-11,2.7669
2006-10-12,2.8576
2006-10-13,2.8607
2006-10-16,2.8668
2006-10-17,2.8973
2006-10-18,2.8851
2006-10-19,2.8851
2006-10-20,2.8973
2006-10-23,2.9461
2006-10-24,2.9437
2006-10-25,2.9461
2006-10-26,2.9401
2006-10-27,2.9217
2006-10-30,2.9217
2006-10-31,2.9309
2006-11-01,2.9461
2006-11-02,2.9584
2006-11-03,2.9645
2006-11-06,3.0011
2006-11-07,3.0163
2006-11-08,3.053
2006-11-09,3.0987
2006-11-10,3.114
2006-11-13,3.1396
2006-11-14,3.1426
2006-11-15,3.139
2006-11-16,3.1414
2006-11-17,3.1402
2006-11-20,3.1658
2006-11-21,3.2811
2006-11-22,3.2909
2006-11-23,3.3147
2006-11-24,3.3031
2006-11-27,3.2574
2006-11-28,3.2574
2006-11-29,3.2086
2006-11-30,3.2024
2006-12-01,3.178
2006-12-04,3.1659
2006-12-05,3.1567
2006-12-06,3.1549
2006-12-07,3.1537
2006-12-08,3.1323
2006-12-11,3.1353
2006-12-12,3.1109
2006-12-13,3.1353
2006-12-14,3.1658
2006-12-15,3.1658
2006-12-18,3.1292
2006-12-19,3.1048
2006-12-20,3.0866
2006-12-21,3.0804
2006-12-22,3.134
2006-12-25,3.1495
2006-12-26,3.1495
2006-12-27,3.1495
2006-12-28,3.1495
2006-12-29,3.1433
2006-12-30,3.1309
2006-12-31,3.1309
2007-01-04,3.0999
2007-01-05,3.0751
2007-01-08,3.0751
2007-01-09,3.0627
2007-01-10,3.0627
2007-01-11,3.0472
2007-01-12,3.0422
2007-01-15,3.0422
2007-01-16,3.023
2007-01-17,3.0255
2007-01-18,3.0255
2007-01-19,3.0255
2007-01-22,3.0317
2007-01-23,3.041
2007-01-24,3.0503
2007-01-25,3.0503
2007-01-26,3.0652
2007-01-29,3.0639
2007-01-30,3.0695
2007-01-31,3.0708
2007-02-01,3.0447
2007-02-02,3.0435
2007-02-05,2.9596
2007-02-06,2.9584
2007-02-07,2.9614
2007-02-08,2.9826
2007-02-09,2.9826
2007-02-12,2.9947
2007-02-13,2.9856
2007-02-14,2.9947
2007-02-15,2.9947
2007-02-16,2.9947
2007-02-17,2.9947
2007-02-25,2.9947
2007-02-26,2.9947
2007-02-27,2.9886
2007-02-28,2.9886
2007-03-01,2.9886
2007-03-02,2.9644
2007-03-05,2.9644
2007-03-06,2.9399
2007-03-07,2.9159
2007-03-08,2.9159
2007-03-09,2.9159
2007-03-12,2.9164
2007-03-13,2.9179
2007-03-14,2.9199
2007-03-15,2.9265
2007-03-16,2.9259
2007-03-19,2.9464
2007-03-20,2.9471
2007-03-21,2.9712
2007-03-22,2.9896
2007-03-23,2.9889
2007-03-26,2.9875
2007-03-27,2.9875
2007-03-28,2.9875
2007-03-29,2.9875
2007-03-30,2.9875
2007-04-02,2.9875
2007-04-03,2.988
2007-04-04,2.9883
2007-04-05,2.9883
2007-04-06,2.9883
2007-04-09,3.0083
2007-04-10,3.02
2007-04-11,3.02
2007-04-12,3.01
2007-04-13,3.01
2007-04-16,3.03
2007-04-17,3.05
2007-04-18,3.0543
2007-04-19,3.06
2007-04-20,3.07
2007-04-23,3.0792
2007-04-24,3.08
2007-04-25,3.0817
2007-04-26,3.1
2007-04-27,3.1077
2007-04-28,3.0802
2007-04-29,2.85
2007-04-30,2.71
2007-05-08,2.71
2007-05-09,2.7383
2007-05-10,2.7583
2007-05-11,2.7583
2007-05-14,2.8433
2007-05-15,2.8638
2007-05-16,2.8833
2007-05-17,2.925
2007-05-18,2.9308
2007-05-21,2.9467
2007-05-22,2.9738
2007-05-23,2.9733
2007-05-24,2.9733
2007-05-25,2.91
2007-05-28,2.8967
2007-05-29,2.8783
2007-05-30,2.88
2007-05-31,2.89
2007-06-01,2.8903
2007-06-04,2.895
2007-06-05,2.9062
2007-06-06,2.9125
2007-06-07,2.9177
2007-06-08,2.8852
2007-06-11,2.8685
2007-06-12,2.8708
2007-06-13,2.8718
2007-06-14,2.8713
2007-06-15,2.8812
2007-06-18,2.8863
2007-06-19,2.8863
2007-06-20,2.8863
2007-06-21,2.8865
2007-06-22,2.8867
2007-06-25,2.8767
2007-06-26,2.8833
2007-06-27,2.8867
2007-06-28,2.8933
2007-06-29,2.9037
2007-07-02,2.9037
2007-07-03,2.915
2007-07-04,2.9102
2007-07-05,2.9185
2007-07-06,2.925
2007-07-09,2.9283
2007-07-10,2.9283
2007-07-11,2.9292
2007-07-12,2.9292
2007-07-13,2.9283
2007-07-16,2.8617
2007-07-17,2.8617
2007-07-18,2.8617
2007-07-19,2.8442
2007-07-20,2.8488
2007-07-23,2.8383
2007-07-24,2.8357
2007-07-25,2.8682
2007-07-26,2.8576
2007-07-27,2.8333
2007-07-30,2.8317
2007-07-31,2.8543
2007-08-01,2.8546
2007-08-02,2.8546
2007-08-03,2.841
2007-08-06,2.8403
2007-08-07,2.8391
2007-08-08,2.84
2007-08-09,2.8411
2007-08-10,2.8412
2007-08-13,2.8455
2007-08-14,2.8569
2007-08-15,2.8569
2007-08-16,2.84
2007-08-17,2.84
2007-08-20,2.8391
2007-08-21,2.8385
2007-08-22,2.9667
2007-08-23,2.9642
2007-08-24,2.9477
2007-08-27,2.9615
2007-08-28,2.9597
2007-08-29,2.9634
2007-08-30,2.9767
2007-08-31,2.9742
2007-09-03,2.9621
2007-09-04,2.9667
2007-09-05,2.9517
2007-09-06,2.9414
2007-09-07,2.9714
2007-09-10,2.9788
2007-09-11,2.9887
2007-09-12,3.0311
2007-09-13,3.0397
2007-09-14,3.7158
2007-09-17,3.5671
2007-09-18,3.3931
2007-09-19,3.4141
2007-09-20,3.4326
2007-09-21,3.4926
2007-09-24,3.4615
2007-09-25,3.4512
2007-09-26,3.4629
2007-09-27,3.1882
2007-09-28,2.922
2007-09-29,2.9133
2007-09-30,2.8833
2007-10-08,2.8939
2007-10-09,2.6833
2007-10-10,2.5617
2007-10-11,2.6333
2007-10-12,2.63
2007-10-15,2.6417
2007-10-16,2.6517
2007-10-17,2.6975
2007-10-18,2.7339
2007-10-19,2.7435
2007-10-22,2.7574
2007-10-23,2.9043
2007-10-24,3.9383
2007-10-25,5.1419
2007-10-26,7.8174
2007-10-29,3.5883
2007-10-30,3.5
2007-10-31,3.51
2007-11-01,3.5275
2007-11-02,3.0799
2007-11-05,3.0855
2007-11-06,3.0793
2007-11-07,2.7679
2007-11-08,2.8294
2007-11-09,2.8144
2007-11-12,2.8001
2007-11-13,2.8039
2007-11-14,2.7921
2007-11-15,2.9568
2007-11-16,2.8102
2007-11-19,2.8083
2007-11-20,2.8163
2007-11-21,2.8191
2007-11-22,2.8103
2007-11-23,2.8146
2007-11-26,2.8043
2007-11-27,2.8143
2007-11-28,2.8363
2007-11-29,2.8463
2007-11-30,2.8363
2007-12-03,2.8245
2007-12-04,2.8267
2007-12-05,2.8356
2007-12-06,2.8124
2007-12-07,2.8274
2007-12-10,2.8455
2007-12-11,2.8438
2007-12-12,2.8387
2007-12-13,2.8444
2007-12-14,2.8451
2007-12-17,2.8259
2007-12-18,2.8139
2007-12-19,2.8119
2007-12-20,2.8222
2007-12-21,2.8203
2007-12-24,2.8074
2007-12-25,2.8286
2007-12-26,2.8386
2007-12-27,2.7725
2007-12-28,2.7607
2007-12-29,2.951
2008-01-02,3.1083
2008-01-03,2.9473
2008-01-04,2.9448
2008-01-07,2.9192
2008-01-08,2.7562
2008-01-09,2.6414
2008-01-10,2.6164
2008-01-11,2.6119
2008-01-14,2.6024
2008-01-15,2.603
2008-01-16,2.6033
2008-01-17,2.6082
2008-01-18,2.6451
2008-01-21,2.6446
2008-01-22,2.6769
2008-01-23,2.7962
2008-01-24,2.9071
2008-01-25,2.9
2008-01-28,2.9073
2008-01-29,2.9123
2008-01-30,2.9162
2008-01-31,2.9394
2008-02-01,2.9547
2008-02-02,2.9626
2008-02-03,2.9741
2008-02-04,2.9725
2008-02-05,2.9768
2008-02-13,2.9336
2008-02-14,2.9016
2008-02-15,2.9037
2008-02-18,2.8823
2008-02-19,2.8821
2008-02-20,2.9879
2008-02-21,3.0273
2008-02-22,3.0299
2008-02-25,3.0199
2008-02-26,3.0583
2008-02-27,3.1033
2008-02-28,3.0947
2008-02-29,3.0969
2008-03-03,3.0644
2008-03-04,2.6745
2008-03-05,2.6781
2008-03-06,2.6791
2008-03-07,2.6807
2008-03-10,2.6749
2008-03-11,2.6588
2008-03-12,2.6504
2008-03-13,2.6365
2008-03-14,2.9241
2008-03-17,2.8665
2008-03-18,2.8472
2008-03-19,2.8445
2008-03-20,2.8181
2008-03-21,2.9432
2008-03-24,2.7494
2008-03-25,2.7462
2008-03-26,2.7677
2008-03-27,2.7774
2008-03-28,2.939
2008-03-31,2.9427
2008-04-01,3.202
2008-04-02,3.0092
2008-04-03,2.996
2008-04-07,2.9588
2008-04-08,2.9805
2008-04-09,2.9944
2008-04-10,3.0075
2008-04-11,2.9849
2008-04-14,3.0369
2008-04-15,3.0377
2008-04-16,3.0379
2008-04-17,3.04
2008-04-18,2.9745
2008-04-21,2.8958
2008-04-22,2.8009
2008-04-23,2.7836
2008-04-24,2.7655
2008-04-25,2.7901
2008-04-28,2.8051
2008-04-29,2.8187
2008-04-30,2.8433
2008-05-04,2.8629
2008-05-05,2.9106
2008-05-06,2.9595
2008-05-07,2.977
2008-05-08,2.9784
2008-05-09,2.9861
2008-05-12,3.0189
2008-05-13,3.0558
2008-05-14,3.1251
2008-05-15,3.1311
2008-05-16,3.1665
2008-05-19,3.1947
2008-05-20,3.2108
2008-05-21,3.2272
2008-05-22,3.2238
2008-05-23,3.2323
2008-05-26,3.2973
2008-05-27,3.4208
2008-05-28,2.8614
2008-05-29,3.1033
2008-05-30,3.3954
2008-06-02,3.3938
2008-06-03,3.3965
2008-06-04,3.4119
2008-06-05,3.4391
2008-06-06,3.5001
2008-06-10,3.8969
2008-06-11,3.972
2008-06-12,3.8916
2008-06-13,3.2642
2008-06-16,3.0685
2008-06-17,3.1263
2008-06-18,3.1758
2008-06-19,3.1689
2008-06-20,3.2719
2008-06-23,3.2786
2008-06-24,3.2822
2008-06-25,3.2493
2008-06-26,3.2573
2008-06-27,3.3733
2008-06-30,3.3672
2008-07-01,3.1278
2008-07-02,3.308
2008-07-03,3.1868
2008-07-04,3.1733
2008-07-07,3.1754
2008-07-08,3.1672
2008-07-09,3.1456
2008-07-10,3.1145
2008-07-11,2.9997
2008-07-14,2.9723
2008-07-15,3.0174
2008-07-16,3.1103
2008-07-17,3.1096
2008-07-18,3.116
2008-07-21,3.121
2008-07-22,3.1239
2008-07-23,3.1481
2008-07-24,3.165
2008-07-25,3.163
2008-07-28,3.1522
2008-07-29,3.1654
2008-07-30,3.1603
2008-07-31,3.1602
2008-08-01,3.3654
2008-08-04,3.3716
2008-08-05,3.3824
2008-08-06,3.3765
2008-08-07,3.3697
2008-08-08,3.3629
2008-08-11,3.3394
2008-08-12,3.312
2008-08-13,3.2912
2008-08-14,3.1427
2008-08-15,3.1658
2008-08-18,3.1865
2008-08-19,3.1977
2008-08-20,3.1852
2008-08-21,3.1295
2008-08-22,3.1236
2008-08-25,3.1231
2008-08-26,3.11
2008-08-27,3.1514
2008-08-28,3.1528
2008-08-29,3.1554
2008-09-01,3.1763
2008-09-02,3.2116
2008-09-03,3.221
2008-09-04,3.2269
2008-09-05,3.2301
2008-09-08,3.1975
2008-09-09,3.173
2008-09-10,3.1702
2008-09-11,3.1503
2008-09-12,3.1474
2008-09-16,3.1293
2008-09-17,3.1257
2008-09-18,3.1846
2008-09-19,3.4162
2008-09-22,3.4378
2008-09-23,3.3378
2008-09-24,3.3188
2008-09-25,3.194
2008-09-26,3.2158
2008-09-27,3.1989
2008-09-28,3.2092
2008-10-06,3.2086
2008-10-07,3.192
2008-10-08,2.9532
2008-10-09,2.7981
2008-10-10,2.7983
2008-10-13,2.6588
2008-10-14,2.6276
2008-10-15,2.4431
2008-10-16,2.4342
2008-10-17,2.4259
2008-10-20,2.4426
2008-10-21,2.4473
2008-10-22,2.417
2008-10-23,2.4033
2008-10-24,2.3945
2008-10-27,2.4015
2008-10-28,2.3739
2008-10-29,2.3671
2008-10-30,2.3459
2008-10-31,2.368
2008-11-03,2.3665
2008-11-04,2.3935
2008-11-05,2.268
2008-11-06,2.2902
2008-11-07,2.269
2008-11-10,2.2109
2008-11-11,2.2186
2008-11-12,2.2261
2008-11-13,2.2285
2008-11-14,2.2423
2008-11-17,2.2611
2008-11-18,2.2735
2008-11-19,2.2883
2008-11-20,2.3231
2008-11-21,2.2733
2008-11-24,2.2682
2008-11-25,2.2733
2008-11-26,2.2721
2008-11-27,1.9349
2008-11-28,1.9844
2008-12-01,1.9677
2008-12-02,1.9387
2008-12-03,1.9087
2008-12-04,1.8984
2008-12-05,1.7879
2008-12-08,1.7871
2008-12-09,1.7967
2008-12-10,1.7942
2008-12-11,1.778
2008-12-12,1.7765
2008-12-15,1.7737
2008-12-16,1.7257
2008-12-17,1.6532
2008-12-18,1.6339
2008-12-19,1.6066
2008-12-22,1.6004
2008-12-23,1.5975
2008-12-24,1.5857
2008-12-25,1.6461
2008-12-26,1.6499
2008-12-29,1.6533
2008-12-30,1.6565
2008-12-31,1.7015
2009-01-04,1.6945
2009-01-05,1.6937
2009-01-06,1.6734
2009-01-07,1.6465
2009-01-08,1.6353
2009-01-09,1.6336
2009-01-12,1.624
2009-01-13,1.628
2009-01-14,1.6193
2009-01-15,1.6233
2009-01-16,1.6345
2009-01-19,1.6277
2009-01-20,1.6316
2009-01-21,1.64
2009-01-22,1.6276
2009-01-23,1.6125
2009-01-24,1.6658
2009-02-01,1.6523
2009-02-02,1.6477
2009-02-03,1.6607
2009-02-04,1.647
2009-02-05,1.6539
2009-02-06,1.652
2009-02-09,1.6595
2009-02-10,1.6498
2009-02-11,1.653
2009-02-12,1.6455
2009-02-13,1.6612
2009-02-16,1.6437
2009-02-17,1.6464
2009-02-18,1.6386
2009-02-19,1.6456
2009-02-20,1.6426
2009-02-23,1.6509
2009-02-24,1.646
2009-02-25,1.6391
2009-02-26,1.6322
2009-02-27,1.6273
2009-03-02,1.6171
2009-03-03,1.6005
2009-03-04,1.5505
2009-03-05,1.516
2009-03-06,1.5084
2009-03-09,1.5092
2009-03-10,1.508
2009-03-11,1.5113
2009-03-12,1.5093
2009-03-13,1.5077
2009-03-16,1.5124
2009-03-17,1.5111
2009-03-18,1.5127
2009-03-19,1.5112
2009-03-20,1.5094
2009-03-23,1.495
2009-03-24,1.4912
2009-03-25,1.4898
2009-03-26,1.469
2009-03-27,1.4559
2009-03-30,1.4567
2009-03-31,1.4607
2009-04-01,1.4487
2009-04-02,1.4519
2009-04-03,1.4498
2009-04-07,1.4524
2009-04-08,1.4711
2009-04-09,1.4707
2009-04-10,1.4742
2009-04-13,1.4754
2009-04-14,1.4754
2009-04-15,1.4807
2009-04-16,1.4937
2009-04-17,1.4686
2009-04-20,1.4655
2009-04-21,1.4763
2009-04-22,1.4781
2009-04-23,1.4658
2009-04-24,1.4671
2009-04-27,1.4671
2009-04-28,1.4637
2009-04-29,1.465
2009-04-30,1.4348
2009-05-04,1.4338
2009-05-05,1.4333
2009-05-06,1.4383
2009-05-07,1.4395
2009-05-08,1.4388
2009-05-11,1.4281
2009-05-12,1.4282
2009-05-13,1.4255
2009-05-14,1.4255
2009-05-15,1.3998
2009-05-18,1.3913
2009-05-19,1.3957
2009-05-20,1.3679
2009-05-21,1.3664
2009-05-22,1.3707
2009-05-25,1.375
2009-05-26,1.3799
2009-05-27,1.3831
2009-05-31,1.374
2009-06-01,1.3768
2009-06-02,1.3759
2009-06-03,1.3724
2009-06-04,1.3719
2009-06-05,1.3769
2009-06-08,1.3759
2009-06-09,1.3656
2009-06-10,1.3761
2009-06-11,1.3744
2009-06-12,1.3796
2009-06-15,1.3811
2009-06-16,1.3804
2009-06-17,1.3916
2009-06-18,1.4011
2009-06-19,1.4585
2009-06-22,1.4923
2009-06-23,1.5008
2009-06-24,1.5005
2009-06-25,1.5016
2009-06-26,1.5091
2009-06-29,1.5375
2009-06-30,1.6175
2009-07-01,1.6209
2009-07-02,1.5961
2009-07-03,1.5655
2009-07-06,1.558
2009-07-07,1.5585
2009-07-08,1.5606
2009-07-09,1.5716
2009-07-10,1.6062
2009-07-13,1.6357
2009-07-14,1.6374
2009-07-15,1.6417
2009-07-16,1.698
2009-07-17,1.8923
2009-07-20,1.8808
2009-07-21,2.0007
2009-07-22,1.9882
2009-07-23,1.9555
2009-07-24,1.9212
2009-07-27,1.9007
2009-07-28,1.8493
2009-07-29,1.7047
2009-07-30,1.7923
2009-07-31,1.7515
2009-08-03,1.7751
2009-08-04,1.7495
2009-08-05,1.7463
2009-08-06,1.7443
2009-08-07,1.7453
2009-08-10,1.7393
2009-08-11,1.7243
2009-08-12,1.6044
2009-08-13,1.6033
2009-08-14,1.6054
2009-08-17,1.6085
2009-08-18,1.5874
2009-08-19,1.5536
2009-08-20,1.5487
2009-08-21,1.5496
2009-08-24,1.5174
2009-08-25,1.4609
2009-08-26,1.4619
2009-08-27,1.4719
2009-08-28,1.477
2009-08-31,1.4655
2009-09-01,1.464
2009-09-02,1.5375
2009-09-03,1.5409
2009-09-04,1.5452
2009-09-07,1.5356
2009-09-08,1.5367
2009-09-09,1.5302
2009-09-10,1.5228
2009-09-11,1.5264
2009-09-14,1.5297
2009-09-15,1.5701
2009-09-16,1.6267
2009-09-17,1.67
2009-09-18,1.6823
2009-09-21,1.6626
2009-09-22,1.646
2009-09-23,1.6285
2009-09-24,1.6354
2009-09-25,1.645
2009-09-27,1.6409
2009-09-28,1.6442
2009-09-29,1.6463
2009-09-30,1.6563
2009-10-09,1.6662
2009-10-10,1.6668
2009-10-12,1.6424
2009-10-13,1.6417
2009-10-14,1.6401
2009-10-15,1.6392
2009-10-16,1.6409
2009-10-19,1.6376
2009-10-20,1.6127
2009-10-21,1.5875
2009-10-22,1.5775
2009-10-23,1.5768
2009-10-26,1.5688
2009-10-27,1.5446
2009-10-28,1.5429
2009-10-29,1.5404
2009-10-30,1.5375
2009-11-02,1.5365
2009-11-03,1.5373
2009-11-04,1.5416
2009-11-05,1.601
2009-11-06,1.5752
2009-11-09,1.5552
2009-11-10,1.5352
2009-11-11,1.5112
2009-11-12,1.5121
2009-11-13,1.5045
2009-11-16,1.4976
2009-11-17,1.4886
2009-11-18,1.4851
2009-11-19,1.4846
2009-11-20,1.4798
2009-11-23,1.4851
2009-11-24,1.4909
2009-11-25,1.4928
2009-11-26,1.4916
2009-11-27,1.4917
2009-11-30,1.4921
2009-12-01,1.5454
2009-12-02,1.5397
2009-12-03,1.5299
2009-12-04,1.5176
2009-12-07,1.5114
2009-12-08,1.508
2009-12-09,1.5009
2009-12-10,1.4936
2009-12-11,1.4833
2009-12-14,1.4811
2009-12-15,1.4731
2009-12-16,1.4663
2009-12-17,1.4652
2009-12-18,1.4618
2009-12-21,1.4654
2009-12-22,1.4621
2009-12-23,1.4775
2009-12-24,1.4858
2009-12-25,1.4841
2009-12-28,1.4903
2009-12-29,1.4874
2009-12-30,1.4872
2009-12-31,1.4847
2010-01-04,1.5147
2010-01-05,1.5398
2010-01-06,1.5372
2010-01-07,1.5053
2010-01-08,1.4905
2010-01-11,1.481
2010-01-12,1.4764
2010-01-13,1.5226
2010-01-14,1.486
2010-01-15,1.461
2010-01-18,1.4521
2010-01-19,1.4516
2010-01-20,1.4383
2010-01-21,1.4393
2010-01-22,1.4504
2010-01-25,1.5687
2010-01-26,1.5753
2010-01-27,1.6746
2010-01-28,1.7112
2010-01-29,1.7132
2010-02-01,1.7127
2010-02-02,1.7136
2010-02-03,1.7131
2010-02-04,1.7139
2010-02-05,1.7141
2010-02-08,1.7061
2010-02-09,1.7453
2010-02-10,1.8243
2010-02-11,1.8696
2010-02-12,1.8156
2010-02-20,1.7744
2010-02-21,1.7054
2010-02-22,1.667
2010-02-23,1.6677
2010-02-24,1.6672
2010-02-25,1.6795
2010-02-26,1.659
2010-03-01,1.6518
2010-03-02,1.6496
2010-03-03,1.6308
2010-03-04,1.6253
2010-03-05,1.6108
2010-03-08,1.6061
2010-03-09,1.5962
2010-03-10,1.5904
2010-03-11,1.5832
2010-03-12,1.5731
2010-03-15,1.5671
2010-03-16,1.5636
2010-03-17,1.5593
2010-03-18,1.5573
2010-03-19,1.5568
2010-03-22,1.5538
2010-03-23,1.5504
2010-03-24,1.5485
2010-03-25,1.5444
2010-03-26,1.5401
2010-03-29,1.5391
2010-03-30,1.5397
2010-03-31,1.5785
2010-04-01,1.553
2010-04-02,1.563
2010-04-06,1.562
2010-04-07,1.5603
2010-04-08,1.561
2010-04-09,1.5551
2010-04-12,1.5506
2010-04-13,1.5489
2010-04-14,1.5539
2010-04-15,1.5515
2010-04-16,1.558
2010-04-19,1.5588
2010-04-20,1.5594
2010-04-21,1.5601
2010-04-22,1.5588
2010-04-23,1.5266
2010-04-26,1.5284
2010-04-27,1.5691
2010-04-28,1.5841
2010-04-29,1.5998
2010-04-30,1.6431
2010-05-04,1.6412
2010-05-05,1.6257
2010-05-06,1.6026
2010-05-07,1.5976
2010-05-10,1.685
2010-05-11,1.6878
2010-05-12,1.6853
2010-05-13,1.6804
2010-05-14,1.6833
2010-05-17,1.723
2010-05-18,1.7284
2010-05-19,1.7306
2010-05-20,1.7355
2010-05-21,1.8254
2010-05-24,1.8952
2010-05-25,1.9424
2010-05-26,2.0694
2010-05-27,2.1407
2010-05-28,2.0977
2010-05-31,2.165
2010-06-01,2.2715
2010-06-02,2.2933
2010-06-03,2.2808
2010-06-04,2.1385
2010-06-07,2.0321
2010-06-08,2.0549
2010-06-09,2.0584
2010-06-10,2.14
2010-06-11,2.1766
2010-06-12,2.3727
2010-06-13,2.3599
2010-06-17,2.3524
2010-06-18,2.3846
2010-06-21,2.3978
2010-06-22,2.4181
2010-06-23,2.417
2010-06-24,2.48
2010-06-25,2.4716
2010-06-28,2.4658
2010-06-29,2.463
2010-06-30,2.4495
2010-07-01,2.4292
2010-07-02,2.3856
2010-07-05,2.3599
2010-07-06,2.3521
2010-07-07,2.3322
2010-07-08,2.2048
2010-07-09,1.9879
2010-07-12,1.9646
2010-07-13,1.9156
2010-07-14,1.8133
2010-07-15,1.7585
2010-07-16,1.7435
2010-07-19,1.7444
2010-07-20,1.77
2010-07-21,1.766
2010-07-22,1.7468
2010-07-23,1.7314
2010-07-26,1.7638
2010-07-27,1.7445
2010-07-28,1.7476
2010-07-29,1.7491
2010-07-30,1.7678
2010-08-02,1.7715
2010-08-03,1.771
2010-08-04,1.7809
2010-08-05,1.7828
2010-08-06,1.7813
2010-08-09,1.7701
2010-08-10,1.7715
2010-08-11,1.7743
2010-08-12,1.7729
2010-08-13,1.7736
2010-08-16,1.7665
2010-08-17,1.7669
2010-08-18,1.7839
2010-08-19,1.8046
2010-08-20,1.8206
2010-08-23,1.8348
2010-08-24,1.8556
2010-08-25,1.8681
2010-08-26,1.9583
2010-08-27,2.0304
2010-08-30,2.053
2010-08-31,2.107
2010-09-01,2.1512
2010-09-02,2.0766
2010-09-03,2.0769
2010-09-06,2.072
2010-09-07,2.0188
2010-09-08,1.9097
2010-09-09,1.9058
2010-09-10,1.8953
2010-09-13,1.8908
2010-09-14,1.9058
2010-09-15,1.968
2010-09-16,1.9658
2010-09-17,1.8512
2010-09-19,1.7984
2010-09-20,1.9524
2010-09-21,2.0874
2010-09-25,2.1593
2010-09-26,2.0572
2010-09-27,2.0071
2010-09-28,2.063
2010-09-29,2.0367
2010-09-30,2.1217
2010-10-08,2.0466
2010-10-09,2.0441
2010-10-11,2.029
2010-10-12,2.0157
2010-10-13,2.004
2010-10-14,1.9873
2010-10-15,1.9697
2010-10-18,1.9453
2010-10-19,1.9488
2010-10-20,1.9556
2010-10-21,1.9544
2010-10-22,1.9578
2010-10-25,1.9444
2010-10-26,1.8959
2010-10-27,1.8912
2010-10-28,1.9033
2010-10-29,1.9515
2010-11-01,1.9517
2010-11-02,1.9475
2010-11-03,1.9484
2010-11-04,1.9369
2010-11-05,1.9208
2010-11-08,1.9158
2010-11-09,1.909
2010-11-10,1.9019
2010-11-11,1.9056
2010-11-12,1.9133
2010-11-15,1.9788
2010-11-16,2.0342
2010-11-17,2.0853
2010-11-18,2.1562
2010-11-19,2.1652
2010-11-22,2.2867
2010-11-23,2.3056
2010-11-24,2.2522
2010-11-25,2.252
2010-11-26,2.2618
2010-11-29,2.2869
2010-11-30,2.4612
2010-12-01,2.5489
2010-12-02,2.5608
2010-12-03,2.3654
2010-12-06,2.2693
2010-12-07,2.3556
2010-12-08,2.4442
2010-12-09,2.3792
2010-12-10,2.3837
2010-12-13,2.3793
2010-12-14,2.369
2010-12-15,2.3981
2010-12-16,2.4092
2010-12-17,2.4104
2010-12-20,2.5089
2010-12-21,2.7127
2010-12-22,2.9035
2010-12-23,3.4837
2010-12-24,3.7976
2010-12-27,3.9152
2010-12-28,3.9954
2010-12-29,4.1185
2010-12-30,4.3752
2010-12-31,3.893
2011-01-04,2.9947
2011-01-05,2.7753
2011-01-06,2.3729
2011-01-07,2.3269
2011-01-10,2.3087
2011-01-11,2.2852
2011-01-12,2.2685
2011-01-13,2.2383
2011-01-14,2.2523
2011-01-17,2.2628
2011-01-18,2.3293
2011-01-19,2.8549
2011-01-20,3.3646
2011-01-21,3.3819
2011-01-24,3.3825
2011-01-25,4.4226
2011-01-26,4.8811
2011-01-27,5.0765
2011-01-28,5.0742
2011-01-30,5.3072
2011-01-31,4.1087
2011-02-01,3.1945
2011-02-09,3.4826
2011-02-10,2.951
2011-02-11,2.9561
2011-02-12,2.8339
2011-02-14,2.5917
2011-02-15,2.5927
2011-02-16,2.5778
2011-02-17,2.495
2011-02-18,2.433
2011-02-21,2.5128
2011-02-22,2.3809
2011-02-23,2.3566
2011-02-24,2.5844
2011-02-25,2.9099
2011-02-28,2.6519
2011-03-01,2.4951
2011-03-02,2.3479
2011-03-03,2.28
2011-03-04,2.2362
2011-03-07,2.1443
2011-03-08,2.0741
2011-03-09,2.0684
2011-03-10,2.0614
2011-03-11,2.0662
2011-03-14,2.0644
2011-03-15,2.0571
2011-03-16,2.0534
2011-03-17,2.043
2011-03-18,2.0384
2011-03-21,2.2534
2011-03-22,2.2502
2011-03-23,2.2352
2011-03-24,2.2235
2011-03-25,2.2091
2011-03-28,2.1488
2011-03-29,2.1462
2011-03-30,2.145
2011-03-31,2.1563
2011-04-01,2.1498
2011-04-02,2.135
2011-04-06,2.1474
2011-04-07,2.1287
2011-04-08,2.1218
2011-04-11,2.1134
2011-04-12,2.101
2011-04-13,2.0947
2011-04-14,2.0977
2011-04-15,2.0923
2011-04-18,2.1238
2011-04-19,2.1225
2011-04-20,2.1145
2011-04-21,2.8394
2011-04-22,2.6512
2011-04-25,2.4971
2011-04-26,2.4963
2011-04-27,2.2302
2011-04-28,2.2365
2011-04-29,2.6129
2011-05-03,2.656
2011-05-04,2.6271
2011-05-05,2.2996
2011-05-06,2.292
2011-05-09,2.3945
2011-05-10,2.3819
2011-05-11,2.3752
2011-05-12,2.3627
2011-05-13,2.3807
2011-05-16,2.3912
2011-05-17,2.4004
2011-05-18,3.2471
2011-05-19,3.3032
2011-05-20,3.4243
2011-05-23,3.426
2011-05-24,3.6288
2011-05-25,3.8484
2011-05-26,3.7258
2011-05-27,2.9002
2011-05-30,2.779
2011-05-31,3.3074
2011-06-01,3.0284
2011-06-02,2.9479
2011-06-03,2.7557
2011-06-07,3.1614
2011-06-08,3.4466
2011-06-09,3.5097
2011-06-10,3.5743
2011-06-13,3.5618
2011-06-14,3.5753
2011-06-15,4.0049
2011-06-16,4.0273
2011-06-17,4.0286
2011-06-20,5.2372
2011-06-21,5.3956
2011-06-22,5.666
2011-06-23,5.5656
2011-06-24,5.3344
2011-06-27,4.5629
2011-06-28,3.9575
2011-06-29,3.9426
2011-06-30,3.9135
2011-07-01,3.6834
2011-07-04,3.4341
2011-07-05,3.8343
2011-07-06,3.8074
2011-07-07,3.7175
2011-07-08,3.739
2011-07-11,3.606
2011-07-12,3.1709
2011-07-13,3.5954
2011-07-14,4.2329
2011-07-15,3.9432
2011-07-18,3.7625
2011-07-19,4.4135
2011-07-20,4.6905
2011-07-21,5.2932
2011-07-22,5.1858
2011-07-25,5.0594
2011-07-26,4.637
2011-07-27,4.2548
2011-07-28,3.8628
2011-07-29,3.7319
2011-08-01,3.3606
2011-08-02,3.1864
2011-08-03,3.1908
2011-08-04,3.1954
2011-08-05,3.1423
2011-08-08,3.0676
2011-08-09,3.0691
2011-08-10,3.3173
2011-08-11,3.0541
2011-08-12,3.0966
2011-08-15,3.1375
2011-08-16,3.253
2011-08-17,3.261
2011-08-18,3.5749
2011-08-19,3.7769
2011-08-22,4.0481
2011-08-23,4.2082
2011-08-24,3.8394
2011-08-25,3.5065
2011-08-26,3.4102
2011-08-29,3.4079
2011-08-30,3.6433
2011-08-31,3.5999
2011-09-01,3.6403
2011-09-02,3.6931
2011-09-05,4.0226
2011-09-06,3.4338
2011-09-07,3.4837
2011-09-08,3.5232
2011-09-09,3.4632
2011-09-13,3.3899
2011-09-14,3.3909
2011-09-15,3.5949
2011-09-16,3.5994
2011-09-19,3.8648
2011-09-20,4.1482
2011-09-21,4.107
2011-09-22,3.9079
2011-09-23,3.7244
2011-09-26,3.553
2011-09-27,4.3403
2011-09-28,4.2842
2011-09-29,4.1963
2011-09-30,4.4733
2011-10-08,4.4489
2011-10-09,4.2043
2011-10-10,3.8954
2011-10-11,3.7301
2011-10-12,3.6096
2011-10-13,3.5771
2011-10-14,3.483
2011-10-17,3.448
2011-10-18,3.4454
2011-10-19,3.4946
2011-10-20,3.5769
2011-10-21,3.6258
2011-10-24,3.6149
2011-10-25,3.8442
2011-10-26,4.1858
2011-10-27,4.2573
2011-10-28,4.5644
2011-10-31,4.4736
2011-11-01,3.9044
2011-11-02,3.7307
2011-11-03,3.7353
2011-11-04,3.7119
2011-11-07,3.7116
2011-11-08,3.7287
2011-11-09,3.7291
2011-11-10,3.7256
2011-11-11,3.4776
2011-11-14,3.5319
2011-11-15,3.5422
2011-11-16,3.5593
2011-11-17,3.8004
2011-11-18,3.9551
2011-11-21,4.1176
2011-11-22,4.3035
2011-11-23,4.4179
2011-11-24,4.4086
2011-11-25,4.4634
2011-11-28,4.2064
2011-11-29,3.9613
2011-11-30,3.9845
2011-12-01,3.5923
2011-12-02,3.5689
2011-12-05,3.4635
2011-12-06,3.4683
2011-12-07,3.4901
2011-12-08,3.4853
2011-12-09,3.5043
2011-12-12,3.5674
2011-12-13,3.5803
2011-12-14,3.5549
2011-12-15,3.5837
2011-12-16,3.5784
2011-12-19,3.5797
2011-12-20,3.5936
2011-12-21,3.6141
2011-12-22,3.6462
2011-12-23,3.6466
2011-12-26,3.7043
2011-12-27,3.7668
2011-12-28,4.0444
2011-12-29,4.038
2011-12-30,4.0258
2011-12-31,4.4564
2012-01-04,4.0426
2012-01-05,4.4427
2012-01-06,4.4158
2012-01-09,4.4136
2012-01-10,4.1522
2012-01-11,3.7738
2012-01-12,3.9331
2012-01-13,4.2526
2012-01-16,4.6962
2012-01-17,5.6717
2012-01-18,6.3262
2012-01-19,5.1189
2012-01-20,3.9636
2012-01-21,3.9565
2012-01-29,3.8133
2012-01-30,3.4529
2012-01-31,3.5344
2012-02-01,3.5278
2012-02-02,3.5242
2012-02-03,3.4833
2012-02-06,3.3627
2012-02-07,3.3639
2012-02-08,3.3128
2012-02-09,3.2181
2012-02-10,3.2028
2012-02-13,3.198
2012-02-14,3.4431
2012-02-15,3.4147
2012-02-16,3.8182
2012-02-17,4.2333
2012-02-20,4.2332
2012-02-21,4.2782
2012-02-22,4.2545
2012-02-23,4.2796
2012-02-24,4.154
2012-02-27,3.7005
2012-02-28,3.482
2012-02-29,3.453
2012-03-01,3.4131
2012-03-02,3.4181
2012-03-05,3.4144
2012-03-06,3.3332
2012-03-07,3.3276
2012-03-08,3.299
2012-03-09,3.3028
2012-03-12,3.2766
2012-03-13,3.2719
2012-03-14,3.27
2012-03-15,3.3503
2012-03-16,3.4022
2012-03-19,3.413
2012-03-20,3.4523
2012-03-21,3.4956
2012-03-22,3.5892
2012-03-23,3.5996
2012-03-26,3.5793
2012-03-27,3.4962
2012-03-28,3.5508
2012-03-29,3.5352
2012-03-30,3.5757
2012-03-31,3.5734
2012-04-01,3.5531
2012-04-05,3.777
2012-04-06,3.902
2012-04-09,3.7165
2012-04-10,3.7757
2012-04-11,3.7651
2012-04-12,3.7948
2012-04-13,3.9355
2012-04-16,3.8643
2012-04-17,3.6929
2012-04-18,3.6857
2012-04-19,3.801
2012-04-20,3.9216
2012-04-23,3.8822
2012-04-24,3.8169
2012-04-25,3.9651
2012-04-26,3.9249
2012-04-27,3.8356
2012-04-28,3.5431
2012-05-02,3.5671
2012-05-03,3.6375
2012-05-04,3.6367
2012-05-07,3.629
2012-05-08,3.3414
2012-05-09,3.2703
2012-05-10,3.2675
2012-05-11,3.1805
2012-05-14,2.9116
2012-05-15,2.8683
2012-05-16,2.8214
2012-05-17,2.7737
2012-05-18,2.776
2012-05-21,2.7679
2012-05-22,2.759
2012-05-23,2.7614
2012-05-24,2.7413
2012-05-25,2.7133
2012-05-28,2.7032
2012-05-29,2.6662
2012-05-30,2.6522
2012-05-31,2.6139
2012-06-01,2.6266
2012-06-04,2.614
2012-06-05,2.582
2012-06-06,2.6936
2012-06-07,2.789
2012-06-08,2.7473
2012-06-11,2.6879
2012-06-12,2.738
2012-06-13,2.8244
2012-06-14,2.8685
2012-06-15,2.878
2012-06-18,2.8812
2012-06-19,2.9964
2012-06-20,3.2179
2012-06-21,3.4058
2012-06-25,3.4738
2012-06-26,3.6366
2012-06-27,3.4208
2012-06-28,3.4536
2012-06-29,3.4684
2012-07-02,3.4949
2012-07-03,3.283
2012-07-04,2.9042
2012-07-05,2.8824
2012-07-06,2.6975
2012-07-09,2.7105
2012-07-10,2.7139
2012-07-11,2.7222
2012-07-12,2.7536
2012-07-13,2.8132
2012-07-16,2.809
2012-07-17,2.9282
2012-07-18,3.1072
2012-07-19,3.1388
2012-07-20,3.2172
2012-07-23,3.3401
2012-07-24,3.1226
2012-07-25,3.0191
2012-07-26,3.0047
2012-07-27,2.9557
2012-07-30,2.9119
2012-07-31,2.9617
2012-08-01,2.9874
2012-08-02,2.9356
2012-08-03,2.8878
2012-08-06,2.8863
2012-08-07,2.9243
2012-08-08,2.9286
2012-08-09,2.9496
2012-08-10,2.9675
2012-08-13,2.8224
2012-08-14,2.968
2012-08-15,3.2378
2012-08-16,3.229
2012-08-17,3.276
2012-08-20,3.4057
2012-08-21,3.5111
2012-08-22,3.3083
2012-08-23,3.2991
2012-08-24,3.103
2012-08-27,3.1125
2012-08-28,3.1841
2012-08-29,3.152
2012-08-30,3.0295
2012-08-31,2.8253
2012-09-03,2.7721
2012-09-04,2.7122
2012-09-05,2.7927
2012-09-06,2.7695
2012-09-07,2.7987
2012-09-10,2.9034
2012-09-11,3.024
2012-09-12,3.1157
2012-09-13,3.1609
2012-09-14,3.1996
2012-09-17,3.259
2012-09-18,3.3981
2012-09-19,3.7519
2012-09-20,4.0614
2012-09-21,4.1907
2012-09-24,4.2658
2012-09-25,4.2781
2012-09-26,3.4776
2012-09-27,3.4724
2012-09-28,3.3763
2012-09-29,3.8517
2012-10-08,4.1227
2012-10-09,3.9093
2012-10-10,3.4793
2012-10-11,3.3282
2012-10-12,3.2842
2012-10-15,2.9928
2012-10-16,3.095
2012-10-17,3.1055
2012-10-18,3.1071
2012-10-19,3.1276
2012-10-22,3.1617
2012-10-23,3.2376
2012-10-24,3.4373
2012-10-25,3.3976
2012-10-26,3.7326
2012-10-29,4.0307
2012-10-30,3.5295
2012-10-31,3.5009
2012-11-01,3.5522
2012-11-02,3.4761
2012-11-05,3.5042
2012-11-06,3.4079
2012-11-07,3.4472
2012-11-08,3.4764
2012-11-09,3.5261
2012-11-12,3.4756
2012-11-13,3.3566
2012-11-14,3.3461
2012-11-15,3.3353
2012-11-16,3.3285
2012-11-19,3.2705
2012-11-20,3.3423
2012-11-21,3.371
2012-11-22,3.3846
2012-11-23,3.3497
2012-11-26,3.3781
2012-11-27,3.3908
2012-11-28,3.4033
2012-11-29,3.3844
2012-11-30,3.3104
2012-12-03,3.3148
2012-12-04,3.3098
2012-12-05,3.355
2012-12-06,3.3466
2012-12-07,3.3917
2012-12-10,3.3847
2012-12-11,3.4184
2012-12-12,3.4138
2012-12-13,3.4247
2012-12-14,3.4245
2012-12-17,3.4344
2012-12-18,3.3917
2012-12-19,3.3586
2012-12-20,3.4883
2012-12-21,3.356
2012-12-24,3.2817
2012-12-25,3.2963
2012-12-26,3.2968
2012-12-27,3.2938
2012-12-28,3.2877
2012-12-31,4.2221
2013-01-04,3.4525
2013-01-05,3.2885
2013-01-06,3.1809
2013-01-07,3.1399
2013-01-08,3.13
2013-01-09,3.0896
2013-01-10,3.0867
2013-01-11,3.0617
2013-01-14,3.052
2013-01-15,3.042
2013-01-16,3.0083
2013-01-17,2.9469
2013-01-18,2.8688
2013-01-21,2.8112
2013-01-22,2.7885
2013-01-23,2.7855
2013-01-24,2.8677
2013-01-25,2.8828
2013-01-28,2.8691
2013-01-29,2.8725
2013-01-30,2.893
2013-01-31,3.0053
2013-02-01,3.236
2013-02-04,3.3351
2013-02-05,3.5749
2013-02-06,3.7655
2013-02-07,3.7364
2013-02-08,3.2118
2013-02-16,2.8804
2013-02-17,2.8148
2013-02-18,2.7732
2013-02-19,2.761
2013-02-20,2.7635
2013-02-21,2.8618
2013-02-22,2.9608
2013-02-25,3.0336
2013-02-26,3.8581
2013-02-27,4.0058
2013-02-28,4.0595
2013-03-01,4.133
2013-03-04,3.617
2013-03-05,3.4586
2013-03-06,3.3601
2013-03-07,3.1389
2013-03-08,3.1241
2013-03-11,2.9984
2013-03-12,2.9313
2013-03-13,2.9225
2013-03-14,2.9182
2013-03-15,2.9297
2013-03-18,3.2019
2013-03-19,3.0431
2013-03-20,2.8718
2013-03-21,2.8161
2013-03-22,2.7392
2013-03-25,2.685
2013-03-26,2.6774
2013-03-27,2.7415
2013-03-28,2.7766
2013-03-29,3.318
2013-04-01,2.9113
2013-04-02,2.9207
2013-04-03,2.9718
2013-04-07,2.9335
2013-04-08,2.993
2013-04-09,2.9561
2013-04-10,2.9539
2013-04-11,2.9149
2013-04-12,2.8738
2013-04-15,2.8968
2013-04-16,2.854
2013-04-17,2.846
2013-04-18,2.9604
2013-04-19,3.1565
2013-04-22,3.2686
2013-04-23,3.4801
2013-04-24,3.6629
2013-04-25,3.8245
2013-04-26,3.0497
2013-04-27,3.0509
2013-04-28,3.0408
2013-05-02,3.0249
2013-05-03,3.2792
2013-05-06,3.4425
2013-05-07,3.5395
2013-05-08,3.5395
2013-05-09,3.5555
2013-05-10,3.4314
2013-05-13,3.4715
2013-05-14,3.4537
2013-05-15,3.4637
2013-05-16,3.4755
2013-05-17,3.7756
2013-05-20,4.2256
2013-05-21,4.1656
2013-05-22,4.0728
2013-05-23,3.98
2013-05-24,3.9116
2013-05-27,3.8116
2013-05-28,3.8231
2013-05-29,3.7916
2013-05-30,3.7988
2013-05-31,4.0648
2013-06-03,4.2672
2013-06-04,4.1922
2013-06-05,4.2264
2013-06-06,4.6021
2013-06-07,5.8339
2013-06-08,6.1003
2013-06-09,5.7053
2013-06-13,5.6549
2013-06-14,5.6058
2013-06-17,5.5778
2013-06-18,5.6904
2013-06-19,6.3248
2013-06-20,8.671
2013-06-21,8.5922
2013-06-24,7.7491
2013-06-25,7.3691
2013-06-26,6.7969
2013-06-27,6.6551
2013-06-28,5.9551
2013-07-01,5.6351
2013-07-02,5.4351
2013-07-03,5.0394
2013-07-04,4.8394
2013-07-05,4.6042
2013-07-08,4.3295
2013-07-09,4.3439
2013-07-10,4.3482
2013-07-11,4.4138
2013-07-12,4.3299
2013-07-15,4.4306
2013-07-16,4.3604
2013-07-17,4.4059
2013-07-18,4.4362
2013-07-19,4.4818
2013-07-22,4.532
2013-07-23,4.5924
2013-07-24,4.6323
2013-07-25,4.6586
2013-07-26,4.7586
2013-07-29,4.8586
2013-07-30,4.7402
2013-07-31,4.6922
2013-08-01,4.5809
2013-08-02,4.4886
2013-08-05,4.4177
2013-08-06,4.4005
2013-08-07,4.3776
2013-08-08,4.3492
2013-08-09,4.2921
2013-08-12,4.327
2013-08-13,4.3423
2013-08-14,4.3288
2013-08-15,4.3528
2013-08-16,4.3432
2013-08-19,4.6342
2013-08-20,4.7813
2013-08-21,4.7394
2013-08-22,4.7163
2013-08-23,4.649
2013-08-26,4.68
2013-08-27,4.658
2013-08-28,4.6462
2013-08-29,4.5754
2013-08-30,4.59
2013-09-02,4.6108
2013-09-03,4.6108
2013-09-04,4.6259
2013-09-05,4.6411
2013-09-06,4.6182
2013-09-09,4.6608
2013-09-10,4.7282
2013-09-11,4.7479
2013-09-12,4.8481
2013-09-13,4.9241
2013-09-16,5.0041
2013-09-17,5.0841
2013-09-18,5.1501
2013-09-22,5.0501
2013-09-23,5.1061
2013-09-24,5.211
2013-09-25,5.1581
2013-09-26,5.0871
2013-09-27,4.987
2013-09-29,4.957
2013-09-30,4.957
2013-10-08,4.8489
2013-10-09,4.8839
2013-10-10,4.856
2013-10-11,4.856
2013-10-12,4.8452
2013-10-14,4.8255
2013-10-15,4.799
2013-10-16,4.7861
2013-10-17,4.7849
2013-10-18,4.7615
2013-10-21,4.7566
2013-10-22,4.7361
2013-10-23,4.7369
2013-10-24,5.3229
2013-10-25,5.3288
2013-10-28,5.3838
2013-10-29,5.2995
2013-10-30,5.2812
2013-10-31,5.1335
2013-11-01,4.9118
2013-11-04,4.7964
2013-11-05,4.7864
2013-11-06,4.7864
2013-11-07,4.7384
2013-11-08,4.8414
2013-11-11,5.0334
2013-11-12,5.1294
2013-11-13,5.133
2013-11-14,5.1458
2013-11-15,5.7702
2013-11-18,6.2262
2013-11-19,5.9654
2013-11-20,5.8919
2013-11-21,5.8519
2013-11-22,5.8519
2013-11-25,5.8519
2013-11-26,6.0559
2013-11-27,6.1779
2013-11-28,6.1779
2013-11-29,6.0879
2013-12-02,5.9859
2013-12-03,5.9741
2013-12-04,5.9291
2013-12-05,5.7741
2013-12-06,5.6401
2013-12-09,5.6671
2013-12-10,5.6895
2013-12-11,5.6752
2013-12-12,5.7122
2013-12-13,5.6819
2013-12-16,5.7341
2013-12-17,5.8841
2013-12-18,6.4841
2013-12-19,6.6241
2013-12-20,6.7241
2013-12-23,6.8301
2013-12-24,6.8901
2013-12-25,6.7941
2013-12-26,6.8351
2013-12-27,6.7071
2013-12-30,6.7071
2013-12-31,6.5981
2014-01-02,6.4979
2014-01-03,6.4889
2014-01-06,6.4889
2014-01-07,6.3389
2014-01-08,6.0969
2014-01-09,6.044
2014-01-10,5.8526
2014-01-13,5.9133
2014-01-14,5.9186
2014-01-15,5.8821
2014-01-16,5.8331
2014-01-17,6.2041
2014-01-20,6.3341
2014-01-21,6.0098
2014-01-22,5.8198
2014-01-23,5.8108
2014-01-24,5.6878
2014-01-26,5.8031
2014-01-27,5.6631
2014-01-28,5.8731
2014-01-29,5.7321
2014-01-30,5.0566
2014-02-07,5.5096
2014-02-08,5.5536
2014-02-10,5.5988
2014-02-11,5.5873
2014-02-12,5.5815
2014-02-13,5.5315
2014-02-14,5.3955
2014-02-17,5.4364
2014-02-18,5.4364
2014-02-19,5.2497
2014-02-20,5.0574
2014-02-21,4.8599
2014-02-24,4.6519
2014-02-25,4.6379
2014-02-26,4.6379
2014-02-27,4.5624
2014-02-28,4.5104
2014-03-03,4.4564
2014-03-04,4.5594
2014-03-05,4.6444
2014-03-06,4.6963
2014-03-07,4.6423
2014-03-10,4.6555
2014-03-11,4.6045
2014-03-12,4.4345
2014-03-13,4.4401
2014-03-14,4.4781
2014-03-17,4.5481
2014-03-18,4.6321
2014-03-19,4.8221
2014-03-20,4.8221
2014-03-21,4.7737
2014-03-24,4.9002
2014-03-25,4.8772
2014-03-26,4.7322
2014-03-27,4.8352
2014-03-28,4.6662
2014-03-31,4.5142
2014-04-01,4.4972
2014-04-02,4.4472
2014-04-03,4.4517
2014-04-04,4.4487
2014-04-08,4.3987
2014-04-09,4.3627
2014-04-10,4.2367
2014-04-11,4.2047
2014-04-14,4.1607
2014-04-15,4.0977
2014-04-16,4.0807
2014-04-17,4.0557
2014-04-18,3.9491
2014-04-21,3.7861
2014-04-22,3.8271
2014-04-23,3.9702
2014-04-24,4.3391
2014-04-25,4.3359
2014-04-28,4.5999
2014-04-29,4.5429
2014-04-30,4.5429
2014-05-04,4.4389
2014-05-05,4.2456
2014-05-06,4.1286
2014-05-07,4.0696
2014-05-08,3.9776
2014-05-09,3.9606
2014-05-12,3.8476
2014-05-13,3.8046
2014-05-14,3.7551
2014-05-15,3.8386
2014-05-16,3.8776
2014-05-19,3.8572
2014-05-20,4.2162
2014-05-21,4.2212
2014-05-22,4.2242
2014-05-23,4.0897
2014-05-26,4.1212
2014-05-27,4.0338
2014-05-28,3.9738
2014-05-29,3.9108
2014-05-30,3.8948
2014-06-03,3.7498
2014-06-04,3.9648
2014-06-05,3.9018
2014-06-06,4.0078
2014-06-09,4.0666
2014-06-10,4.0646
2014-06-11,4.1897
2014-06-12,4.2777
2014-06-13,4.2727
2014-06-16,4.3167
2014-06-17,4.2997
2014-06-18,4.5497
2014-06-19,4.8107
2014-06-20,5.0827
2014-06-23,5.1737
2014-06-24,5.1737
2014-06-25,5.0277
2014-06-26,4.8207
2014-06-27,4.7977
2014-06-30,4.7897
2014-07-01,4.7867
2014-07-02,4.6767
2014-07-03,4.2177
2014-07-04,4.1487
2014-07-07,4.1327
2014-07-08,4.0917
2014-07-09,4.1057
2014-07-10,4.1202
2014-07-11,4.2087
2014-07-14,4.2787
2014-07-15,4.3527
2014-07-16,4.4277
2014-07-17,4.5237
2014-07-18,4.6657
2014-07-21,4.7657
2014-07-22,4.8507
2014-07-23,4.9067
2014-07-24,4.8137
2014-07-25,4.5857
2014-07-28,4.3337
2014-07-29,4.3367
2014-07-30,4.3397
2014-07-31,4.3957
2014-08-01,4.4557
2014-08-04,4.3507
2014-08-05,4.3017
2014-08-06,4.3497
2014-08-07,4.4067
2014-08-08,4.3467
2014-08-11,4.3817
2014-08-12,4.3697
2014-08-13,4.4357
2014-08-14,4.4487
2014-08-15,4.3897
2014-08-18,4.5257
2014-08-19,4.5637
2014-08-20,4.4867
2014-08-21,4.4387
2014-08-22,4.4046
2014-08-25,4.3997
2014-08-26,4.4007
2014-08-27,4.3787
2014-08-28,4.3737
2014-08-29,4.3547
2014-09-01,4.2977
2014-09-02,4.3367
2014-09-03,4.2737
2014-09-04,4.2107
2014-09-05,4.2057
2014-09-09,4.2535
2014-09-10,4.2835
2014-09-11,4.2975
2014-09-12,4.3799
2014-09-15,4.4459
2014-09-16,4.4819
2014-09-17,4.5279
2014-09-18,4.5216
2014-09-19,4.5335
2014-09-22,4.5005
2014-09-23,4.5015
2014-09-24,4.5035
2014-09-25,4.5015
2014-09-26,4.5098
2014-09-28,4.5148
2014-09-29,4.4238
2014-09-30,4.4158
2014-10-08,4.4083
2014-10-09,4.4318
2014-10-10,4.3978
2014-10-11,4.3168
2014-10-13,4.2688
2014-10-14,4.1898
2014-10-15,4.0898
2014-10-16,4.067
2014-10-17,4.058
2014-10-20,4.018
2014-10-21,3.997
2014-10-22,3.947
2014-10-23,3.9111
2014-10-24,3.9511
2014-10-27,3.8946
2014-10-28,3.8944
2014-10-29,3.8544
2014-10-30,3.8854
2014-10-31,3.8834
2014-11-03,3.8574
2014-11-04,3.8394
2014-11-05,3.7854
2014-11-06,3.7994
2014-11-07,3.7974
2014-11-10,3.8194
2014-11-11,3.8032
2014-11-12,3.8084
2014-11-13,3.8204
2014-11-14,3.8454
2014-11-17,3.8404
2014-11-18,3.8694
2014-11-19,3.9624
2014-11-20,4.0834
2014-11-21,4.0881
2014-11-24,4.0431
2014-11-25,4.1361
2014-11-26,4.1554
2014-11-27,4.2024
2014-11-28,4.4424
2014-12-01,4.4564
2014-12-02,4.4734
2014-12-03,4.4754
2014-12-04,4.4773
2014-12-05,4.4964
2014-12-08,4.5094
2014-12-09,4.8235
2014-12-10,5.1324
2014-12-11,5.0444
2014-12-12,5.1494
2014-12-15,5.2659
2014-12-16,5.3664
2014-12-17,5.7234
2014-12-18,6.1004
2014-12-19,6.3389
2014-12-22,6.3374
2014-12-23,5.9816
2014-12-24,5.9396
2014-12-25,5.9391
2014-12-26,5.7365
2014-12-29,5.4335
2014-12-30,5.4595
2014-12-31,5.5175
2015-01-04,5.417
2015-01-05,5.152
2015-01-06,4.99
2015-01-07,4.991
2015-01-08,4.991
2015-01-09,5.019
2015-01-12,5.02
2015-01-13,5.025
2015-01-14,4.8466
2015-01-15,4.7036
2015-01-16,4.6397
2015-01-19,4.5903
2015-01-20,4.6468
2015-01-21,4.6468
2015-01-22,4.6928
2015-01-23,4.7318
2015-01-26,4.6878
2015-01-27,4.6882
2015-01-28,4.769
2015-01-29,4.7843
2015-01-30,4.8058
2015-02-02,4.9153
2015-02-03,5.041
2015-02-04,5.0523
2015-02-05,4.9005
2015-02-06,4.9305
2015-02-09,4.9125
2015-02-10,4.9185
2015-02-11,4.9865
2015-02-12,4.9975
2015-02-13,4.9232
2015-02-15,4.9262
2015-02-16,4.8347
2015-02-17,4.7303
2015-02-25,4.7255
2015-02-26,4.7241
2015-02-27,4.7852
2015-02-28,4.7454
2015-03-02,4.7438
2015-03-03,4.9074
2015-03-04,4.9074
2015-03-05,4.934
2015-03-06,4.9678
2015-03-09,5.048
2015-03-10,5.0559
2015-03-11,5.0659
2015-03-12,4.9693
2015-03-13,4.9689
2015-03-16,4.9527
2015-03-17,4.9422
2015-03-18,4.9733
2015-03-19,4.9593
2015-03-20,4.8873
2015-03-23,4.9073
2015-03-24,4.8966
2015-03-25,5.004
2015-03-26,5.0149
2015-03-27,5.0149
2015-03-30,5.0682
2015-03-31,5.1658
2015-04-01,5.099
2015-04-02,4.985
2015-04-03,4.9553
2015-04-07,4.8553
2015-04-08,4.7205
2015-04-09,4.6355
2015-04-10,4.5195
2015-04-13,4.4361
2015-04-14,4.3766
2015-04-15,4.2726
2015-04-16,4.254
2015-04-17,4.058
2015-04-20,3.9557
2015-04-21,3.9301
2015-04-22,3.3054
2015-04-23,3.3528
2015-04-24,3.3511
2015-04-27,3.4562
2015-04-28,3.4196
2015-04-29,3.5256
2015-04-30,3.4252
2015-05-04,3.3402
2015-05-05,3.2622
2015-05-06,3.3399
2015-05-07,3.2269
2015-05-08,3.1919
2015-05-11,2.8773
2015-05-12,2.8773
2015-05-13,2.5679
2015-05-14,2.5241
2015-05-15,2.4311
2015-05-18,2.4911
2015-05-19,2.5539
2015-05-20,2.5572
2015-05-21,2.568
2015-05-22,2.4984
2015-05-25,2.4152
2015-05-26,2.4746
2015-05-27,2.5037
2015-05-28,2.6427
2015-05-29,3.0533
2015-06-01,3.272
2015-06-02,3.2888
2015-06-03,3.2084
2015-06-04,3.1205
2015-06-05,2.9295
2015-06-08,2.8784
2015-06-09,2.9253
2015-06-10,2.8986
2015-06-11,2.8986
2015-06-12,3.0098
2015-06-15,3.2092
2015-06-16,3.1311
2015-06-17,3.3359
2015-06-18,3.7048
2015-06-19,3.7496
2015-06-23,4.1796
2015-06-24,4.1724
2015-06-25,3.909
2015-06-26,3.7869
2015-06-29,3.7376
2015-06-30,3.6277
2015-07-01,3.4105
2015-07-02,3.3684
2015-07-03,3.3494
2015-07-06,3.2207
2015-07-07,3.0006
2015-07-08,2.8914
2015-07-09,2.9062
2015-07-10,3.0066
2015-07-13,2.969
2015-07-14,3.0087
2015-07-15,2.8641
2015-07-16,2.9108
2015-07-17,2.881
2015-07-20,2.8217
2015-07-21,2.5622
2015-07-22,2.398
2015-07-23,2.4437
2015-07-24,2.3456
2015-07-27,2.3246
2015-07-28,2.311
2015-07-29,2.294
2015-07-30,2.3897
2015-07-31,2.5429
2015-08-03,2.4429
2015-08-04,2.4215
2015-08-05,2.4638
2015-08-06,2.5371
2015-08-07,2.3783
2015-08-10,2.3052
2015-08-11,2.3816
2015-08-12,2.4604
2015-08-13,2.609
2015-08-14,2.7345
2015-08-17,2.7045
2015-08-18,2.6182
2015-08-19,2.6921
2015-08-20,2.688
2015-08-21,2.7364
2015-08-24,2.8235
2015-08-25,2.8715
2015-08-26,2.8252
2015-08-27,2.8752
2015-08-28,2.9411
2015-08-31,2.9593
2015-09-01,2.8749
2015-09-02,2.8749
2015-09-06,2.8729
2015-09-07,2.8705
2015-09-08,2.8418
2015-09-09,2.8711
2015-09-10,2.7984
2015-09-11,2.8784
2015-09-14,2.8172
2015-09-15,2.7661
2015-09-16,2.7794
2015-09-17,2.7928
2015-09-18,2.8705
2015-09-21,2.9104
2015-09-22,2.9457
2015-09-23,2.9663
2015-09-24,2.9768
2015-09-25,3.0098
2015-09-28,2.9296
2015-09-29,3.0646
2015-09-30,3.0646
2015-10-08,2.9176
2015-10-09,2.9159
2015-10-10,2.9378
2015-10-12,2.8552
2015-10-13,2.8251
2015-10-14,2.8358
2015-10-15,2.8619
2015-10-16,2.905
2015-10-19,2.8364
2015-10-20,2.8513
2015-10-21,2.8047
2015-10-22,2.8439
2015-10-23,2.8293
2015-10-26,2.7692
2015-10-27,2.7301
2015-10-28,2.753
2015-10-29,2.7519
2015-10-30,2.8376
2015-11-02,2.7587
2015-11-03,2.7124
2015-11-04,2.7145
2015-11-05,2.7168
2015-11-06,2.6748
2015-11-09,2.6368
2015-11-10,2.7009
2015-11-11,2.6811
2015-11-12,2.5995
2015-11-13,2.6373
2015-11-16,2.6312
2015-11-17,2.6112
2015-11-18,2.5798
2015-11-19,2.6777
2015-11-20,2.6436
2015-11-23,2.5658
2015-11-24,2.595
2015-11-25,2.595
2015-11-26,2.5868
2015-11-27,2.6213
2015-11-30,2.6565
2015-12-01,2.7538
2015-12-02,2.7538
2015-12-03,2.7008
2015-12-04,2.7452
2015-12-07,2.7716
2015-12-08,2.7894
2015-12-09,2.7332
2015-12-10,2.7096
2015-12-11,2.8147
2015-12-14,2.8137
2015-12-15,2.7705
2015-12-16,2.7126
2015-12-17,2.7326
2015-12-18,2.7471
2015-12-21,2.8172
2015-12-22,2.9203
2015-12-23,2.9813
2015-12-24,2.9915
2015-12-25,2.9257
2015-12-28,2.9253
2015-12-29,2.8345
2015-12-30,2.7496
2015-12-31,2.7295
2016-01-04,2.6976
2016-01-05,2.6976
2016-01-06,2.6966
2016-01-07,2.691
2016-01-08,2.5964
2016-01-11,2.617
2016-01-12,2.5461
2016-01-13,2.5151
2016-01-14,2.5015
2016-01-15,2.4995
2016-01-18,2.5365
2016-01-19,2.6118
2016-01-20,2.7743
2016-01-21,3.0853
2016-01-22,2.8831
2016-01-25,2.8944
2016-01-26,2.9124
2016-01-27,2.9602
2016-01-28,3.0318
2016-01-29,2.9923
2016-02-01,2.9513
2016-02-02,2.9253
2016-02-03,2.8891
2016-02-04,2.7931
2016-02-05,2.7731
2016-02-06,2.7381
2016-02-14,2.6931
2016-02-15,2.6731
2016-02-16,2.6486
2016-02-17,2.6296
2016-02-18,2.5756
2016-02-19,2.5306
2016-02-22,2.4926
2016-02-23,2.4666
2016-02-24,2.5405
2016-02-25,2.7538
2016-02-26,2.7358
2016-02-29,2.69
2016-03-01,2.685
2016-03-02,2.648
2016-03-03,2.6445
2016-03-04,2.6045
2016-03-07,2.5432
2016-03-08,2.5362
2016-03-09,2.4957
2016-03-10,2.4852
2016-03-11,2.4802
2016-03-14,2.4755
2016-03-15,2.5032
2016-03-16,2.5608
2016-03-17,2.6349
2016-03-18,2.6882
2016-03-21,2.7114
2016-03-22,2.7805
2016-03-23,2.784
2016-03-24,2.7573
2016-03-25,2.7055
2016-03-28,2.7295
2016-03-29,2.781
2016-03-30,2.8629
2016-03-31,3.0812
2016-04-01,2.7806
2016-04-05,2.7063
2016-04-06,2.6718
2016-04-07,2.5721
2016-04-08,2.5701
2016-04-11,2.5655
2016-04-12,2.6611
2016-04-13,2.8421
2016-04-14,2.9046
2016-04-15,2.8417
2016-04-18,2.7689
2016-04-19,2.7339
2016-04-20,2.734
2016-04-21,2.8621
2016-04-22,2.8623
2016-04-25,2.8774
2016-04-26,2.8977
2016-04-27,2.8357
2016-04-28,2.8079
2016-04-29,2.7434
2016-05-03,2.6677
2016-05-04,2.6442
2016-05-05,2.6623
2016-05-06,2.6854
2016-05-09,2.6823
2016-05-10,2.7273
2016-05-11,2.6544
2016-05-12,2.6402
2016-05-13,2.6373
2016-05-16,2.6115
2016-05-17,2.6125
2016-05-18,2.642
2016-05-19,2.682
2016-05-20,2.6304
2016-05-23,2.6276
2016-05-24,2.6203
2016-05-25,2.6203
2016-05-26,2.6233
2016-05-27,2.686
2016-05-30,2.686
2016-05-31,2.6864
2016-06-01,2.6614
2016-06-02,2.6353
2016-06-03,2.646
2016-06-06,2.6416
2016-06-07,2.6113
2016-06-08,2.5801
2016-06-12,2.5841
2016-06-13,2.6556
2016-06-14,2.6976
2016-06-15,2.6976
2016-06-16,2.7067
2016-06-17,2.7437
2016-06-20,2.7489
2016-06-21,2.7955
2016-06-22,2.8095
2016-06-23,2.8145
2016-06-24,2.8209
2016-06-27,2.816
2016-06-28,2.8304
2016-06-29,2.8158
2016-06-30,2.7894
2016-07-01,2.7342
2016-07-04,2.7082
2016-07-05,2.7042
2016-07-06,2.6779
2016-07-07,2.6277
2016-07-08,2.6459
2016-07-11,2.6094
2016-07-12,2.5753
2016-07-13,2.5898
2016-07-14,2.5569
2016-07-15,2.5719
2016-07-18,2.5981
2016-07-19,2.545
2016-07-20,2.544
2016-07-21,2.536
2016-07-22,2.534
2016-07-25,2.6467
2016-07-26,2.6444
2016-07-27,2.6128
2016-07-28,2.6227
2016-07-29,2.5867
2016-08-01,2.5591
2016-08-02,2.5648
2016-08-03,2.5465
2016-08-04,2.5589
2016-08-05,2.5516
2016-08-08,2.4999
2016-08-09,2.5347
2016-08-10,2.4897
2016-08-11,2.5132
2016-08-12,2.5151
2016-08-15,2.5175
2016-08-16,2.5076
2016-08-17,2.5153
2016-08-18,2.5217
2016-08-19,2.5319
2016-08-22,2.5351
2016-08-23,2.5298
2016-08-24,2.638
2016-08-25,2.6967
2016-08-26,2.6347
2016-08-29,2.6355
2016-08-30,2.6539
2016-08-31,2.6483
2016-09-01,2.6216
2016-09-02,2.6528
2016-09-05,2.6087
2016-09-06,2.59
2016-09-07,2.5787
2016-09-08,2.5895
2016-09-09,2.632
2016-09-12,2.6643
2016-09-13,2.7237
2016-09-14,2.6907
2016-09-18,2.6599
2016-09-19,2.6896
2016-09-20,2.7821
2016-09-21,2.8423
2016-09-22,2.8081
2016-09-23,2.8002
2016-09-26,2.8034
2016-09-27,2.8407
2016-09-28,2.9059
2016-09-29,2.8368
2016-09-30,2.7866
2016-10-08,2.7321
2016-10-09,2.718
2016-10-10,2.6802
2016-10-11,2.6212
2016-10-12,2.5978
2016-10-13,2.6031
2016-10-14,2.5966
2016-10-17,2.6453
2016-10-18,2.666
2016-10-19,2.6811
2016-10-20,2.6891
2016-10-21,2.7235
2016-10-24,2.8251
2016-10-25,2.8809
2016-10-26,2.9809
2016-10-27,3.0395
2016-10-28,3.0096
2016-10-31,3.0059
2016-11-01,2.9452
2016-11-02,2.845
2016-11-03,2.7823
2016-11-04,2.6663
2016-11-07,2.5704
2016-11-08,2.6323
2016-11-09,2.6472
2016-11-10,2.7278
2016-11-11,2.8472
2016-11-14,2.8447
2016-11-15,2.8678
2016-11-16,2.9341
2016-11-17,2.9968
2016-11-18,3.0529
2016-11-21,3.0075
2016-11-22,3.0
2016-11-23,3.0071
2016-11-24,3.0441
2016-11-25,3.0688
2016-11-28,3.0758
2016-11-29,3.2045
2016-11-30,3.4763
2016-12-01,3.5477
2016-12-02,3.4917
2016-12-05,3.4478
2016-12-06,3.5945
2016-12-07,3.7024
2016-12-08,3.6561
2016-12-09,3.6019
2016-12-12,3.6786
2016-12-13,3.808
2016-12-14,3.9165
2016-12-15,4.2502
2016-12-16,4.5889
2016-12-19,4.8928
2016-12-20,5.1856
2016-12-21,4.9399
2016-12-22,4.7503
2016-12-23,4.5116
2016-12-26,4.2254
2016-12-27,3.9375
2016-12-28,3.9001
2016-12-29,4.0242
2016-12-30,3.8406
2016-12-31,3.8206
2017-01-03,3.2802
2017-01-04,3.3653
2017-01-05,3.4391
2017-01-06,3.3869
2017-01-09,3.3404
2017-01-10,3.3179
2017-01-11,3.3397
2017-01-12,3.2855
2017-01-13,3.2984
2017-01-16,3.3599
2017-01-17,3.5411
2017-01-18,3.6064
2017-01-19,3.7271
2017-01-20,3.5659
2017-01-22,3.5681
2017-01-23,3.5181
2017-01-24,3.5294
2017-01-25,3.5203
2017-01-26,3.5418
2017-02-03,3.5135
2017-02-04,3.5884
2017-02-06,3.5761
2017-02-07,3.6436
2017-02-08,3.6433
2017-02-09,3.6314
2017-02-10,3.5506
2017-02-13,3.5272
2017-02-14,3.5883
2017-02-15,3.5819
2017-02-16,3.5714
2017-02-17,3.585
2017-02-20,3.5988
2017-02-21,3.6002
2017-02-22,3.6731
2017-02-23,3.5784
2017-02-24,3.5764
2017-02-27,3.683
2017-02-28,3.7013
2017-03-01,3.705
2017-03-02,3.7103
2017-03-03,3.5866
2017-03-06,3.5966
2017-03-07,3.6529
2017-03-08,3.8461
2017-03-09,3.8889
2017-03-10,3.904
2017-03-13,3.9269
2017-03-14,3.9675
2017-03-15,4.0328
2017-03-16,4.0061
2017-03-17,4.0261
2017-03-20,4.1927
2017-03-21,4.3129
2017-03-22,4.2835
2017-03-23,4.254
2017-03-24,4.1522
2017-03-27,4.0875
2017-03-28,4.0075
2017-03-29,4.006
2017-03-30,4.1609
2017-03-31,4.1625
2017-04-01,4.0261
2017-04-05,3.9614
2017-04-06,3.9404
2017-04-07,3.8462
2017-04-10,3.743
2017-04-11,3.72
2017-04-12,3.6861
2017-04-13,3.6349
2017-04-14,3.7406
2017-04-17,3.777
2017-04-18,3.7469
2017-04-19,4.0109
2017-04-20,3.983
2017-04-21,3.8967
2017-04-24,3.9543
2017-04-25,4.0277
2017-04-26,4.0548
2017-04-27,3.9984
2017-04-28,4.0011
2017-05-02,4.0042
2017-05-03,4.0326
2017-05-04,4.0026
2017-05-05,4.0584
2017-05-08,3.9952
2017-05-09,3.9456
2017-05-10,3.9181
2017-05-11,4.0126
2017-05-12,3.8961
2017-05-15,3.9139
2017-05-16,3.9139
2017-05-17,3.8509
2017-05-18,3.8592
2017-05-19,3.8228
2017-05-22,3.7734
2017-05-23,3.7677
2017-05-24,3.7031
2017-05-25,3.6944
2017-05-26,3.7914
2017-05-27,3.7116
2017-05-31,3.7647
2017-06-01,3.7993
2017-06-02,3.883
2017-06-05,3.8139
2017-06-06,4.1181
2017-06-07,4.2017
2017-06-08,4.2517
2017-06-09,4.4017
2017-06-12,4.4017
2017-06-13,4.3928
2017-06-14,4.3721
2017-06-15,4.3993
2017-06-16,4.3451
2017-06-19,4.352
2017-06-20,4.4336
2017-06-21,4.3988
2017-06-22,4.4808
2017-06-23,4.4683
2017-06-26,4.4282
2017-06-27,4.3856
2017-06-28,4.3582
2017-06-29,4.3571
2017-06-30,4.3574
2017-07-03,4.1856
2017-07-04,4.0323
2017-07-05,3.9959
2017-07-06,3.8739
2017-07-07,3.7436
2017-07-10,3.7149
2017-07-11,3.6709
2017-07-12,3.8596
2017-07-13,3.7599
2017-07-14,3.7179
2017-07-17,3.6937
2017-07-18,3.8115
2017-07-19,3.8222
2017-07-20,3.7964
2017-07-21,3.9963
2017-07-24,3.9222
2017-07-25,3.9113
2017-07-26,3.9782
2017-07-27,4.1614
2017-07-28,4.0082
2017-07-31,3.9256
2017-08-01,3.9357
2017-08-02,3.8906
2017-08-03,3.8255
2017-08-04,3.7573
2017-08-07,3.701
2017-08-08,3.7564
2017-08-09,3.6969
2017-08-10,3.6575
2017-08-11,3.6346
2017-08-14,3.5251
2017-08-15,3.7015
2017-08-16,3.7401
2017-08-17,3.8211
2017-08-18,3.7813
2017-08-21,3.8552
2017-08-22,3.9444
2017-08-23,3.9189
2017-08-24,3.9323
2017-08-25,4.0805
2017-08-28,4.0874
2017-08-29,4.3695
2017-08-30,4.4864
2017-08-31,4.4392
2017-09-01,4.1247
2017-09-04,4.0829
2017-09-05,4.1372
2017-09-06,4.0323
2017-09-07,4.0212
2017-09-08,3.9697
2017-09-11,4.1009
2017-09-12,4.1147
2017-09-13,4.2094
2017-09-14,4.1851
2017-09-15,4.224
2017-09-18,4.2131
2017-09-19,4.2965
2017-09-20,4.2814
2017-09-21,4.2482
2017-09-22,4.2482
2017-09-25,4.2716
2017-09-26,4.2754
2017-09-27,4.5658
2017-09-28,4.6316
2017-09-29,4.3546
2017-09-30,4.3155
2017-10-09,4.1421
2017-10-10,4.1502
2017-10-11,4.0727
2017-10-12,3.9935
2017-10-13,3.8892
2017-10-16,3.8441
2017-10-17,3.9647
2017-10-18,4.0056
2017-10-19,3.9922
2017-10-20,3.9916
2017-10-23,3.9909
2017-10-24,4.0575
2017-10-25,4.0962
2017-10-26,4.1253
2017-10-27,4.2225
2017-10-30,4.2505
2017-10-31,4.4951
2017-11-01,4.2395
2017-11-02,4.0169
2017-11-03,3.954
2017-11-06,3.9766
2017-11-07,3.9944
2017-11-08,4.0335
2017-11-09,4.0343
2017-11-10,4.0376
2017-11-13,4.0757
2017-11-14,4.1729
2017-11-15,4.2847
2017-11-16,4.1892
2017-11-17,4.1753
2017-11-20,4.1008
2017-11-21,4.3209
2017-11-22,4.4792
2017-11-23,4.6761
2017-11-24,4.5977
2017-11-27,4.5595
2017-11-28,4.6612
2017-11-29,4.6685
2017-11-30,4.6487
2017-12-01,4.5109
2017-12-04,4.5129
2017-12-05,4.5146
2017-12-06,4.5105
2017-12-07,4.5106
2017-12-08,4.6124
2017-12-11,4.7598
2017-12-12,4.8098
2017-12-13,4.8498
2017-12-14,4.8537
2017-12-15,4.9239
2017-12-18,4.9441
2017-12-19,4.9771
2017-12-20,4.9514
2017-12-21,4.9806
2017-12-22,5.0462
2017-12-25,5.036
2017-12-26,5.1659
2017-12-27,5.5859
2017-12-28,5.6069
2017-12-29,5.3166
2017-12-30,5.3166
2017-12-31,5.3166
2018-01-02,3.7592
2018-01-03,3.7598
2018-01-04,3.6892
2018-01-05,3.2935
2018-01-08,3.4193
2018-01-09,3.4928
2018-01-10,3.6048
2018-01-11,3.9899
2018-01-12,4.1952
2018-01-15,4.2171
2018-01-16,4.2946
2018-01-17,4.2978
2018-01-18,4.3002
2018-01-19,4.2598
2018-01-22,4.1813
2018-01-23,4.2426
2018-01-24,4.2415
2018-01-25,4.2135
2018-01-26,4.1492
2018-01-29,4.1602
2018-01-30,4.2286
2018-01-31,4.2426
2018-02-01,4.2427
2018-02-02,4.1036
2018-02-05,4.0918
2018-02-06,4.0495
2018-02-07,4.0628
2018-02-08,3.9062
2018-02-09,3.8507
2018-02-11,3.9403
2018-02-12,3.8786
2018-02-13,3.9862
2018-02-14,3.8386
2018-02-22,3.8771
2018-02-23,3.8822
2018-02-24,3.8832
2018-02-26,3.8398
2018-02-27,3.8419
2018-02-28,3.8953
2018-03-01,3.8418
2018-03-02,4.2333
2018-03-05,4.4067
2018-03-06,4.4033
2018-03-07,4.5778
2018-03-08,4.4718
2018-03-09,4.6274
2018-03-12,4.6444
2018-03-13,4.6975
2018-03-14,4.6008
2018-03-15,4.6513
2018-03-16,4.7264
2018-03-19,4.8767
2018-03-20,4.829
2018-03-21,4.8914
2018-03-22,4.7229
2018-03-23,4.4311
2018-03-26,4.2971
2018-03-27,4.425
2018-03-28,4.4905
2018-03-29,4.4631
2018-03-30,4.5006
2018-04-02,4.2372
2018-04-03,3.9058
2018-04-04,3.6038
2018-04-08,3.6017
2018-04-09,3.5945
2018-04-10,3.5371
2018-04-11,3.5612
2018-04-12,3.4573
2018-04-13,3.4496
2018-04-16,3.4866
2018-04-17,3.81
2018-04-18,3.6337
2018-04-19,3.8252
2018-04-20,4.0037
2018-04-23,4.4594
2018-04-24,4.6397
2018-04-25,4.4535
2018-04-26,4.2913
2018-04-27,4.4745
2018-04-28,4.3235
2018-05-02,4.0409
2018-05-03,3.878
2018-05-04,3.8233
2018-05-07,3.6621
2018-05-08,3.6856
2018-05-09,3.5992
2018-05-10,3.475
2018-05-11,3.623
2018-05-14,3.6489
2018-05-15,3.7358
2018-05-16,3.9429
2018-05-17,3.8074
2018-05-18,3.6692
2018-05-21,3.6427
2018-05-22,3.7211
2018-05-23,3.6934
2018-05-24,3.6824
2018-05-25,3.6281
2018-05-28,3.6281
2018-05-29,4.0342
2018-05-30,4.0323
2018-05-31,4.2746
2018-06-01,3.9652
2018-06-04,3.8134
2018-06-05,4.3107
2018-06-06,4.3115
2018-06-07,4.2822
2018-06-08,4.2638
2018-06-11,4.3252
2018-06-12,4.355
2018-06-13,4.4888
2018-06-14,4.4888
2018-06-15,4.4981
2018-06-19,4.548
2018-06-20,4.5743
2018-06-21,4.5234
2018-06-22,4.4568
2018-06-25,4.2842
2018-06-26,4.264
2018-06-27,4.3942
2018-06-28,4.318
2018-06-29,4.1128
2018-07-02,3.5331
2018-07-03,3.4376
2018-07-04,3.1747
2018-07-05,2.9603
2018-07-06,2.9156
2018-07-09,3.1148
2018-07-10,3.2083
2018-07-11,3.0918
2018-07-12,3.1954
2018-07-13,3.3304
2018-07-16,3.2296
2018-07-17,3.1709
2018-07-18,3.1709
2018-07-19,3.2068
2018-07-20,3.0843
2018-07-23,3.0228
2018-07-24,2.9733
2018-07-25,3.0087
2018-07-26,2.8687
2018-07-27,2.8335
2018-07-30,2.6288
2018-07-31,2.5737
2018-08-01,2.4142
2018-08-02,2.3257
2018-08-03,2.3757
2018-08-06,2.3531
2018-08-07,2.3376
2018-08-08,2.2799
2018-08-09,2.2376
2018-08-10,2.256
2018-08-13,2.3431
2018-08-14,2.5259
2018-08-15,2.7259
2018-08-16,2.7556
2018-08-17,2.9346
2018-08-20,3.1926
2018-08-21,3.078
2018-08-22,3.0281
2018-08-23,2.8793
2018-08-24,3.0408
2018-08-27,2.8852
2018-08-28,2.9787
2018-08-29,2.8898
2018-08-30,2.8898
2018-08-31,2.8045
2018-09-03,2.753
2018-09-04,2.8342
2018-09-05,2.6908
2018-09-06,2.7969
2018-09-07,2.8884
2018-09-10,2.9484
2018-09-11,2.9273
2018-09-12,3.0503
2018-09-13,2.9975
2018-09-14,2.9986
2018-09-17,2.9874
2018-09-18,3.0012
2018-09-19,3.0509
2018-09-20,2.9991
2018-09-21,3.0892
2018-09-25,3.0576
2018-09-26,3.034
2018-09-27,3.2754
2018-09-28,3.2251
2018-09-29,3.2271
2018-09-30,3.1608
2018-10-08,2.8354
2018-10-09,2.8326
2018-10-10,2.8
2018-10-11,2.7539
2018-10-12,2.7545
2018-10-15,2.7523
2018-10-16,2.7523
2018-10-17,2.7041
2018-10-18,2.7899
2018-10-19,2.713
2018-10-22,2.7063
2018-10-23,2.7043
2018-10-24,2.6564
2018-10-25,2.6543
2018-10-26,2.6036
2018-10-29,2.6154
2018-10-30,2.5393
2018-10-31,2.6288
2018-11-01,2.5892
2018-11-02,2.6378
2018-11-05,2.6771
2018-11-06,2.7238
2018-11-07,2.7213
2018-11-08,2.6226
2018-11-09,2.6479
2018-11-12,2.6788
2018-11-13,2.7129
2018-11-14,2.6583
2018-11-15,2.6379
2018-11-16,2.7015
2018-11-19,2.6937
2018-11-20,2.7952
2018-11-21,2.6827
2018-11-22,2.6726
2018-11-23,2.6369
2018-11-26,2.6154
2018-11-27,2.7165
2018-11-28,2.8004
2018-11-29,2.7995
2018-11-30,2.8286
2018-12-03,2.779
2018-12-04,2.8317
2018-12-05,2.8326
2018-12-06,2.8199
2018-12-07,2.9023
2018-12-10,2.9486
2018-12-11,3.0206
2018-12-12,3.0582
2018-12-13,3.1274
2018-12-14,3.1839
2018-12-17,3.1953
2018-12-18,3.349
2018-12-19,3.6524
2018-12-20,3.7903
2018-12-21,3.998
2018-12-24,4.116
2018-12-25,4.0528
2018-12-26,4.4919
2018-12-27,4.1712
2018-12-28,3.3836
2018-12-29,3.3299
2018-12-30,3.3299
2018-12-31,3.3299
2019-01-02,2.8246
2019-01-03,2.7146
2019-01-04,2.6958
2019-01-07,2.7005
2019-01-08,2.6591
2019-01-09,2.6385
2019-01-10,2.6873
2019-01-11,2.6884
2019-01-14,2.7113
2019-01-15,2.8416
2019-01-16,2.8416
2019-01-17,2.8271
2019-01-18,2.85
2019-01-21,2.8501
2019-01-22,2.9526
2019-01-23,3.0038
2019-01-24,3.0035
2019-01-25,2.9882
2019-01-28,2.9626
2019-01-29,2.9358
2019-01-30,3.0022
2019-01-31,2.984
2019-02-01,2.8848
2019-02-11,2.7433
2019-02-12,2.7782
2019-02-13,2.7324
2019-02-14,2.6753
2019-02-15,2.7532
2019-02-18,2.798
2019-02-19,2.7397
2019-02-20,2.7397
2019-02-21,2.7213
2019-02-22,2.7537
2019-02-25,2.7877
2019-02-26,2.8565
2019-02-27,2.8615
2019-02-28,2.8615
2019-03-01,2.7109
2019-03-04,2.7869
2019-03-05,2.9012
2019-03-06,2.8554
2019-03-07,2.8985
2019-03-08,2.8817
2019-03-11,2.8852
2019-03-12,2.9606
2019-03-13,3.0137
2019-03-14,3.0339
2019-03-15,3.1863
2019-03-18,3.2502
2019-03-19,3.1932
2019-03-20,3.1438
2019-03-21,3.1096
2019-03-22,3.0394
2019-03-25,3.0292
2019-03-26,3.0039
2019-03-27,3.0853
2019-03-28,2.9513
2019-03-29,2.8875
